{
  "name": "LineDraw3.1",
  "minifyJS": true,
  "startupScene": "res://2680a634-0699-4657-8b7c-7aeecdccdc4d",
  "includedScenes": [
    "res://2680a634-0699-4657-8b7c-7aeecdccdc4d",
    "res://ee00a897-37b3-428f-bf91-a564a8f117f0",
    "res://fe4d26b6-a5df-4b4f-8f54-ed1ca1a28b6a",
    "res://472cff26-81c0-40b4-8e1e-ce80ca9de977"
  ],
  "alwaysIncluded": [
    "res://:f5",
    "res://:f6",
    "res://:f7",
    "res://:f8",
    "res://:f9",
    "res://:f10",
    "res://:f11",
    "res://:f12"
  ],
  "subpackages": [
    {}
  ],
  "wxgame": {
    "appid": "wxfc4485fb8f5674ec"
  }
}