{
  "resolution": {
    "designWidth": 750,
    "designHeight": 1334,
    "scaleMode": "fixedwidth",
    "screenMode": "vertical"
  },
  "2D": {
    "defaultFontSize": 35
  },
  "3D": {
    "enableStaticBatch": false,
    "enableDynamicBatch": false,
    "defaultPhysicsMemory": 8,
    "enableUniformBufferObject": false,
    "enableMultiLight": false,
    "lightClusterCount": {
      "x": 12,
      "y": 12,
      "z": 12
    }
  },
  "physics2D": {
    "gravity": {
      "y": 500
    }
  },
  "modules": {
    "laya.d3": true,
    "laya.ui": true,
    "laya.physics2D": true
  },
  "splash": {
    "enabled": false
  }
}