{
  "logs": [
    {
      "name": "微信小游戏",
      "platform": "wxgame",
      "path": "E:\\code\\layaAir\\others_project\\FPS-Demo/release/wxgame",
      "time": 1718887392802,
      "logFile": "wxgame-7f599bf439d3155e69ec46d7cfe81a99.log",
      "success": true
    },
    {
      "name": "Web",
      "platform": "web",
      "path": "E:\\code\\layaAir\\others_project\\FPS-Demo/release/web",
      "runHandler": {
        "serve": "",
        "open": "",
        "QRCode": ""
      },
      "time": 1718887041478,
      "logFile": "web-dc2d217000f80c4bef9d6f19e2ac9fe5.log",
      "success": true
    }
  ]
}