{
  "default": {
    "width": 1532,
    "height": 726,
    "id": "UKDPrBhw",
    "layout": 1,
    "children": [
      {
        "width": 289,
        "height": 726,
        "id": "7qp8mq2g",
        "layout": 2,
        "children": [
          {
            "width": 289,
            "height": 221,
            "id": "7yjnpdum",
            "selected": 0,
            "children": [
              "HierarchyPanel"
            ]
          },
          {
            "width": 289,
            "height": 501,
            "id": "7q7fz5d1",
            "selected": 0,
            "children": [
              "ProjectPanel",
              "WidgetsPanel"
            ]
          }
        ]
      },
      {
        "width": 932,
        "height": 726,
        "id": "bXVBGBox",
        "layout": 2,
        "children": [
          {
            "width": 932,
            "height": 538,
            "id": "Ug2tk3sB",
            "layout": 1,
            "children": [
              {
                "width": 932,
                "height": 538,
                "id": "7eatv6px",
                "selected": 0,
                "children": [
                  "ScenePanel",
                  "AnimatorControllerPanel",
                  "GamePanel",
                  "ProjectSettingsPanel"
                ]
              }
            ]
          },
          {
            "width": 932,
            "height": 184,
            "id": "cTIBtkMA",
            "selected": 0,
            "children": [
              "ConsolePanel",
              "TimelinePanel"
            ]
          }
        ]
      },
      {
        "width": 303,
        "height": 726,
        "id": "0lqhnpck",
        "layout": 2,
        "children": [
          {
            "width": 303,
            "height": 726,
            "id": "7i01d2q9",
            "selected": 0,
            "children": [
              "InspectorPanel"
            ]
          }
        ]
      }
    ],
    "popups": [
      {
        "width": 626,
        "height": 495,
        "id": "OlQdpyG-",
        "selected": 0,
        "children": [
          "BuildSettingsPanel"
        ],
        "x": 448,
        "y": 145,
        "show": false
      }
    ]
  }
}