{
  "GamePanel": {
    "muted": false,
    "scale": 1,
    "scale2": 1,
    "dimension": {
      "name": "Free Aspect",
      "x": 0,
      "y": 0
    },
    "orientation": false
  },
  "InspectorPanel": {
    "previewPanelHeight": 266
  },
  "ProjectPanel": {
    "expandedNodes": [
      "",
      "../src"
    ],
    "twoColumn": false,
    "firstColumnWidth": 289,
    "iconScale": 0
  },
  "ConsolePanel": {
    "collapse": true
  },
  "BuildSettingsPanel": {
    "platform": "wxgame"
  },
  "SelectResourceDialog": {
    "iconScale": 0,
    "previewPanelHeight": 202,
    "x": 462,
    "y": 34,
    "width": 634,
    "height": 655
  },
  "playButtonBehavior": "current",
  "playUsingHttps": false
}