{"type":"Scene","props":{"width":1080,"height":1920},"compId":2,"child":[{"type":"Script","props":{"runtime":"scripts/GameEnter.js"},"compId":3},{"type":"Text","props":{"y":41,"x":57,"width":388,"valign":"middle","text":"0","strokeColor":"#0084ff","stroke":5,"name":"txt_Score","height":238,"fontSize":200,"color":"#00ff33","bold":true,"align":"left","runtime":"Laya.Text"},"compId":10},{"type":"Script","props":{"txt_Score":"@node:10","gameOverPanel":"@node:18","runtime":"scripts/UIManager.js"},"compId":11},{"type":"Sprite","props":{"width":1080,"visible":true,"name":"gameoverpanel","height":1920},"compId":18,"child":[{"type":"Text","props":{"y":577,"x":77,"width":927,"valign":"middle","text":"GAMEOVER","strokeColor":"#12ffcf","stroke":5,"name":"txt","height":238,"fontSize":150,"color":"#ff0a00","bold":true,"align":"center","runtime":"Laya.Text"},"compId":13},{"type":"Text","props":{"y":841,"x":346,"width":388,"valign":"middle","text":"0","strokeColor":"#0084ff","stroke":5,"name":"txt_Score","height":238,"fontSize":200,"color":"#00ff33","bold":true,"align":"center","runtime":"Laya.Text"},"compId":16},{"type":"Button","props":{"y":1159,"x":365,"width":351,"skin":"comp/button.png","sizeGrid":"15,15,11,17","name":"btn_Continue","labelStrokeColor":"#fff400","labelSize":70,"labelFont":"Helvetica","labelColors":"#00ff51,#0033ff,#fff400","labelAlign":"center","label":"继续游戏","height":119},"compId":17},{"type":"Button","props":{"y":1426,"x":365,"width":351,"skin":"comp/button.png","sizeGrid":"15,15,11,17","name":"btn_Mute","labelStrokeColor":"#fff400","labelSize":70,"labelFont":"Helvetica","labelColors":"#00ff51,#0033ff,#fff400","labelAlign":"center","label":"关闭音效","height":119},"compId":19}]}],"loadList":["comp/button.png"],"loadList3D":[]}