{"_$type":"Animator2D","enabled":true,"controllerLayers":[{"name":"Base Layer","defaultStateName":"quan","playOnWake":false,"blendingMode":0,"states":[{"name":"quan","clip":{"_$uuid":"quan.mc"},"loop":-1,"speed":1,"clipEnd":1,"x":586.419076158779,"y":504.44084894622466,"id":"0"},{"x":10,"y":100,"_isLooping":0,"id":"-1","name":"进入","speed":1,"clipEnd":1,"soloTransitions":[{"id":"0"}]},{"x":550,"y":100,"_isLooping":0,"id":"-2","name":"任何状态","speed":1,"clipEnd":1}],"defaultWeight":1,"stageX":92.25378787878776,"stageY":214.84469696969694,"stageScale":0.5000000000000001}],"layerW":150}