{"files":{"LayaScene_Handgun_01_Demo/Conventional/Assets/Low Poly FPS Pack - Free (Sample)/Components/Demo_Scene_Components/Textures_&_Sprites":["Demo Scene Texture.jpg"],"LayaScene_Handgun_01_Demo/Conventional/Assets/Low Poly FPS Pack - Free (Sample)/Components/Demo_Scene_Components/Textures_&_Sprites/Prototype_Textures":["Prototype_Texture 1.jpg"],"LayaScene_Handgun_01_Demo/Conventional/Assets/Low Poly FPS Pack - Free (Sample)/Components/Textures_&_Sprites":["Low Poly FPS Pack Texture.jpg"],"LayaScene_Handgun_01_Demo/Conventional/Assets/Low Poly FPS Pack - Free (Sample)/Components/Textures_&_Sprites/Arm_Textures":["Arm_Texture_Digital_Camo_Desert_01.jpg"],"atlas":["comp.atlas","comp.png","Texture.atlas","Texture.png"],"atlas/MainViewIcon":["BtnBg.png","MainIcon.atlas","MainIcon.png"],"resources":["layaAir.png"]},"config":[{"type":0,"sRGB":true,"wrapMode":1,"filterMode":1,"mipmap":true,"files":[{"file":"","ext":"jpg","format":1}],"platforms":{"1":0,"2":0},"t":0,"i":[0,-3]},{"t":1,"prefix":"atlas/comp/","frames":["image.png","combobox.png","img_bg.png","tab.png","fontClip_num.png","Button2.png","button.png","fontClip.png","radio.png","check_circle.png","radiogroup.png","checkbox.png","colorPicker.png","vslider$bar.png","hscroll.png","clip_num.png","hslider$bar.png","hslider.png","vslider.png","progress$bar.png","img_bg3.png","textinput.png","textarea.png","img_bg2.png","hscroll$down.png","hscroll$bar.png","btn_close.png","hscroll$up.png","vscroll$down.png","vscroll$up.png","vscroll$bar.png","progress.png","img_bg5.png","img_bg4.png","vscroll.png","clip_tree_folder.png","clip_tree_arrow.png","img_blank.png","html.png","label.png"],"i":4},{"type":2,"sRGB":true,"wrapMode":1,"filterMode":1,"anisoLevel":1,"mipmap":false,"pma":true,"files":[{"file":"","ext":"png","format":1}],"platforms":{"1":0,"2":0},"t":0,"i":[5,7,-1,10,-1]},{"t":1,"prefix":"atlas/Texture/","frames":["WhiteLabel.png","Crosshair02.png","Crosshair01.png"],"i":6},{"t":1,"prefix":"atlas/MainViewIcon/","frames":["bg_Steering wheel2_01.png","Crosshair_19.png","bg_Steering wheel2_02.png","Icon_Second2.png","Icon_Third2.png","Icon_First2.png","Icon_Bullet00_1.png","Loading bar2.png","Icon_Hourglass.png","Icon_Bullet00.png","Icon_Run0.png","Icon_Jump.png","Icon_Ranking.png","TimeSlider$bar.png","TimeSlider.png","TimeSlider2.png","TimeSlider2$bar.png"],"i":9}]}