{"files":{"Img/draw":["0.png","1.png","2.png","3.png"],"Img/editor":["edit_selected.png","edit_selected2.png","grid.png"],"Img/font":["f1.png","f2.png","f3.png","f4.png","f5.png","f6.png"],"Img/image":["0.png","1.png","100.png","2.png","21.png","22.png","23.png","26.png","27.png","28.png","29.png","30.png","31.png","32.png","33.png","34.png","35.png","36.png","37.png","38.png","39.png","40.png","41.png","42.png","43.png","44.png","45.png","46.png","47.png","48.png","49.png","50.png","51.png","52_1.png","52.png","53.png","54.png","55.png","56.png","57.png","58.png","59.png","6.png","60.png","61.png","62.png","63.png","64.png","65.png","66.png","67.png","68.png","69.png","7.png","70.png","71.png","72.png","73.png","74.png","75.png","76.png","77.png","78.png","79.png","80.png","81.png","82.png","83.png","84.png","85.png","86.png","87.png","88.png","89.png","90.png","91.png","92.png","93.png","94.png","95.png","96.png","99.png","back2.png","but.png","light.png","mask.png"],"Img/win":["cd-yb.png","gth.png","sbhm.png","sltp.png"],"load":["loading_bg.png","loading.png","logo.png","starup_bg.png","tipsbg.png"]},"config":[{"type":2,"sRGB":true,"wrapMode":1,"filterMode":1,"anisoLevel":1,"mipmap":false,"pma":true,"files":[{"file":"","ext":"png","format":1}],"platforms":{"1":0,"2":0},"t":0,"i":[0,-107]}]}