{
  "logs": [
    {
      "name": "微信小游戏",
      "platform": "wxgame",
      "path": "E:\\code\\layaAir\\LayaProject2/release/wxgame",
      "time": 1718865760298,
      "logFile": "wxgame-1a57c95ccf0583521205afa0b80088ee.log",
      "success": true
    },
    {
      "name": "Web",
      "platform": "web",
      "path": "E:\\code\\layaAir\\LayaProject2/release/web",
      "runHandler": {
        "serve": "",
        "open": "",
        "QRCode": ""
      },
      "time": 1718862337446,
      "logFile": "web-5a2ffae5617fa3d05cdc4db93c5d4347.log",
      "success": true
    }
  ]
}