{
  "GamePanel": {
    "muted": false,
    "scale": 1,
    "scale2": 1,
    "dimension": {
      "name": "Free Aspect",
      "x": 0,
      "y": 0
    },
    "orientation": false
  },
  "InspectorPanel": {
    "previewPanelHeight": 266
  },
  "ProjectPanel": {
    "expandedNodes": [
      "",
      "Ani",
      "Img",
      "Scene",
      "../src"
    ],
    "twoColumn": false,
    "firstColumnWidth": 289,
    "iconScale": 0,
    "selected": "6a315ff1-af92-4852-a5fa-160e1d60718f"
  },
  "ConsolePanel": {
    "collapse": true
  },
  "BuildSettingsPanel": {
    "platform": "wxgame"
  },
  "SelectResourceDialog": {
    "iconScale": 0,
    "previewPanelHeight": 202,
    "x": 468,
    "y": 116,
    "width": 634,
    "height": 655
  },
  "playButtonBehavior": "current",
  "playUsingHttps": false,
  "SelectNodeDialog": {
    "x": -1057,
    "y": 157,
    "width": 370,
    "height": 462
  }
}