{"type":"Sprite","props":{"y":0,"x":0,"width":151,"texture":"Projectile/7.png","rotation":180,"presetID":1,"name":"E_B_2","isPresetRoot":true,"height":25},"compId":353,"child":[{"type":"Script","props":{"presetID":2,"runtime":"scripts/Bullet/BulletCtrl.js"},"compId":354},{"type":"Script","props":{"presetID":3,"runtime":"scripts/Bullet/BulletMove.js"},"compId":355},{"type":"Script","props":{"y":2,"x":130,"radius":10,"presetID":4,"label":"EB","isSensor":true,"friction":0,"runtime":"Laya.CircleCollider"},"compId":356},{"type":"Script","props":{"type":"kinematic","presetID":5,"allowSleep":false,"runtime":"Laya.RigidBody"},"compId":357},{"type":"Script","props":{"presetID":6,"runtime":"scripts/Bullet/PBEB.js"},"compId":358}],"loadList":["Projectile/7.png"],"loadList3D":[]}