{"type":"Sprite","props":{"y":0,"x":0,"width":151,"texture":"Projectile/6.png","rotation":180,"presetID":1,"name":"E_B_1","isPresetRoot":true,"height":25},"compId":337,"child":[{"type":"Script","props":{"presetID":2,"runtime":"scripts/Bullet/BulletCtrl.js"},"compId":338},{"type":"Script","props":{"presetID":3,"runtime":"scripts/Bullet/BulletMove.js"},"compId":339},{"type":"Script","props":{"y":2,"x":129,"radius":10,"presetID":4,"label":"EB","isSensor":true,"friction":0,"runtime":"Laya.CircleCollider"},"compId":340},{"type":"Script","props":{"y":1,"x":0,"type":"kinematic","presetID":5,"allowSleep":false,"runtime":"Laya.RigidBody"},"compId":341},{"type":"Script","props":{"presetID":6,"runtime":"scripts/Bullet/PBEB.js"},"compId":342}],"loadList":["Projectile/6.png"],"loadList3D":[]}