{"type":"Sprite","props":{"y":0,"x":0,"presetID":1,"name":"P_B_2","isPresetRoot":true},"compId":125,"child":[{"type":"Sprite","props":{"y":0,"x":0,"width":112,"texture":"Projectile/4.png","rotation":0,"presetID":2,"height":19},"compId":95,"child":[{"type":"Script","props":{"y":0,"x":93,"radius":10,"presetID":3,"label":"PB","isSensor":true,"friction":0,"runtime":"Laya.CircleCollider"},"compId":96},{"type":"Script","props":{"type":"kinematic","presetID":4,"allowSleep":false,"runtime":"Laya.RigidBody"},"compId":97},{"type":"Script","props":{"presetID":30,"runtime":"scripts/Bullet/BulletMove.js"},"compId":127}]},{"type":"Script","props":{"presetID":29,"runtime":"scripts/Bullet/BulletCtrl.js"},"compId":126},{"type":"Sprite","props":{"y":0,"x":0,"width":112,"texture":"Projectile/4.png","rotation":0,"presetID":31,"height":19},"compId":168,"child":[{"type":"Script","props":{"y":0,"x":93,"radius":10,"presetID":32,"label":"PB","isSensor":true,"friction":0,"runtime":"Laya.CircleCollider"},"compId":169},{"type":"Script","props":{"type":"kinematic","presetID":33,"allowSleep":false,"runtime":"Laya.RigidBody"},"compId":170},{"type":"Script","props":{"presetID":34,"runtime":"scripts/Bullet/BulletMove.js"},"compId":171}]},{"type":"Sprite","props":{"y":0,"x":0,"width":112,"texture":"Projectile/4.png","rotation":0,"presetID":35,"height":19},"compId":172,"child":[{"type":"Script","props":{"y":0,"x":93,"radius":10,"presetID":36,"label":"PB","isSensor":true,"friction":0,"runtime":"Laya.CircleCollider"},"compId":173},{"type":"Script","props":{"type":"kinematic","presetID":37,"allowSleep":false,"runtime":"Laya.RigidBody"},"compId":174},{"type":"Script","props":{"presetID":38,"runtime":"scripts/Bullet/BulletMove.js"},"compId":175}]},{"type":"Sprite","props":{"y":0,"x":0,"width":112,"texture":"Projectile/4.png","rotation":0,"presetID":39,"height":19},"compId":176,"child":[{"type":"Script","props":{"y":0,"x":93,"radius":10,"presetID":40,"label":"PB","isSensor":true,"friction":0,"runtime":"Laya.CircleCollider"},"compId":177},{"type":"Script","props":{"type":"kinematic","presetID":41,"allowSleep":false,"runtime":"Laya.RigidBody"},"compId":178},{"type":"Script","props":{"presetID":42,"runtime":"scripts/Bullet/BulletMove.js"},"compId":179}]},{"type":"Sprite","props":{"y":0,"x":0,"width":112,"texture":"Projectile/4.png","rotation":0,"presetID":43,"height":19},"compId":180,"child":[{"type":"Script","props":{"y":0,"x":93,"radius":10,"presetID":44,"label":"PB","isSensor":true,"friction":0,"runtime":"Laya.CircleCollider"},"compId":181},{"type":"Script","props":{"type":"kinematic","presetID":45,"allowSleep":false,"runtime":"Laya.RigidBody"},"compId":182},{"type":"Script","props":{"presetID":46,"runtime":"scripts/Bullet/BulletMove.js"},"compId":183}]},{"type":"Sprite","props":{"y":0,"x":0,"width":112,"texture":"Projectile/4.png","rotation":0,"presetID":47,"height":19},"compId":184,"child":[{"type":"Script","props":{"y":0,"x":93,"radius":10,"presetID":48,"label":"PB","isSensor":true,"friction":0,"runtime":"Laya.CircleCollider"},"compId":185},{"type":"Script","props":{"type":"kinematic","presetID":49,"allowSleep":false,"runtime":"Laya.RigidBody"},"compId":186},{"type":"Script","props":{"presetID":50,"runtime":"scripts/Bullet/BulletMove.js"},"compId":187}]},{"type":"Sprite","props":{"y":0,"x":0,"width":112,"texture":"Projectile/4.png","rotation":0,"presetID":51,"height":19},"compId":188,"child":[{"type":"Script","props":{"y":0,"x":93,"radius":10,"presetID":52,"label":"PB","isSensor":true,"friction":0,"runtime":"Laya.CircleCollider"},"compId":189},{"type":"Script","props":{"type":"kinematic","presetID":53,"allowSleep":false,"runtime":"Laya.RigidBody"},"compId":190},{"type":"Script","props":{"presetID":54,"runtime":"scripts/Bullet/BulletMove.js"},"compId":191}]},{"type":"Sprite","props":{"y":0,"x":0,"width":112,"texture":"Projectile/4.png","rotation":0,"presetID":55,"height":19},"compId":192,"child":[{"type":"Script","props":{"y":0,"x":93,"radius":10,"presetID":56,"label":"PB","isSensor":true,"friction":0,"runtime":"Laya.CircleCollider"},"compId":193},{"type":"Script","props":{"type":"kinematic","presetID":57,"allowSleep":false,"runtime":"Laya.RigidBody"},"compId":194},{"type":"Script","props":{"presetID":58,"runtime":"scripts/Bullet/BulletMove.js"},"compId":195}]},{"type":"Sprite","props":{"y":0,"x":0,"width":112,"texture":"Projectile/4.png","rotation":0,"presetID":59,"height":19},"compId":196,"child":[{"type":"Script","props":{"y":0,"x":93,"radius":10,"presetID":60,"label":"PB","isSensor":true,"friction":0,"runtime":"Laya.CircleCollider"},"compId":197},{"type":"Script","props":{"type":"kinematic","presetID":61,"allowSleep":false,"runtime":"Laya.RigidBody"},"compId":198},{"type":"Script","props":{"presetID":62,"runtime":"scripts/Bullet/BulletMove.js"},"compId":199}]}],"loadList":["Projectile/4.png"],"loadList3D":[]}