{"type":"Sprite","props":{"y":0,"x":0,"width":109,"texture":"Projectile/2.png","presetID":1,"name":"P_B_1","isPresetRoot":true,"height":18},"compId":92,"child":[{"type":"Script","props":{"y":0,"x":88,"radius":10,"presetID":2,"label":"PB","isSensor":true,"friction":0,"runtime":"Laya.CircleCollider"},"compId":93},{"type":"Script","props":{"type":"kinematic","presetID":3,"allowSleep":false,"runtime":"Laya.RigidBody"},"compId":94},{"type":"Script","props":{"presetID":4,"runtime":"scripts/Bullet/BulletCtrl.js"},"compId":95},{"type":"Script","props":{"presetID":5,"runtime":"scripts/Bullet/BulletMove.js"},"compId":96}],"loadList":["Projectile/2.png"],"loadList3D":[]}