{"res/atlas/Characters/1/Die.atlas":["Characters/1/Die/",["1.png","2.png","3.png","4.png"]],"res/atlas/Characters/1/Fly.atlas":["Characters/1/Fly/",["1.png","2.png","3.png","4.png"]],"res/atlas/Characters/1/Idle.atlas":["Characters/1/Idle/",["1.png","2.png","3.png","4.png"]],"res/atlas/Characters/1/Jump.atlas":["Characters/1/Jump/",["1.png","2.png","3.png"]],"res/atlas/Characters/1/Walk.atlas":["Characters/1/Walk/",["1.png","2.png","3.png","4.png","5.png","6.png","7.png","8.png"]],"res/atlas/Characters/2/Fly.atlas":["Characters/2/Fly/",["1.png","2.png","3.png","4.png"]],"res/atlas/Characters/2/Walk.atlas":["Characters/2/Walk/",["1.png","2.png","3.png","4.png","5.png","6.png","7.png","8.png"]],"res/atlas/Characters/3/Fly.atlas":["Characters/3/Fly/",["1.png","2.png","3.png","4.png"]],"res/atlas/Characters/3/Walk.atlas":["Characters/3/Walk/",["1.png","2.png","3.png","4.png","5.png","6.png","7.png","8.png"]],"res/atlas/Characters/4/Fly.atlas":["Characters/4/Fly/",["1.png","2.png","3.png","4.png"]],"res/atlas/Characters/4/Walk.atlas":["Characters/4/Walk/",["1.png","2.png","3.png","4.png","5.png","6.png","7.png","8.png"]],"res/atlas/Characters/5/Fly.atlas":["Characters/5/Fly/",["1.png","2.png","3.png","4.png"]],"res/atlas/Characters/5/Walk.atlas":["Characters/5/Walk/",["1.png","2.png","3.png","4.png","5.png","6.png","7.png","8.png"]],"res/atlas/Characters/6/Fly.atlas":["Characters/6/Fly/",["1.png","2.png","3.png","4.png"]],"res/atlas/Characters/6/Walk.atlas":["Characters/6/Walk/",["1.png","2.png","3.png","4.png","5.png","6.png","7.png","8.png"]],"res/atlas/Characters/7/Fly.atlas":["Characters/7/Fly/",["1.png","2.png","3.png","4.png"]],"res/atlas/Characters/7/Walk.atlas":["Characters/7/Walk/",["1.png","2.png","3.png","4.png","5.png","6.png","7.png","8.png"]],"res/atlas/Characters/8/Fly.atlas":["Characters/8/Fly/",["1.png","2.png","3.png","4.png"]],"res/atlas/Characters/8/Walk.atlas":["Characters/8/Walk/",["1.png","2.png","3.png","4.png","5.png","6.png","7.png","8.png"]],"res/atlas/Characters/Smoke.atlas":["Characters/Smoke/",["1.png","2.png","3.png","4.png"]],"res/atlas/CollisionFX/1.atlas":["CollisionFX/1/",["1.png","2.png","3.png","4.png","5.png","6.png","7.png","8.png"]],"res/atlas/CollisionFX/2.atlas":["CollisionFX/2/",["1.png","2.png","3.png","4.png","5.png","6.png","7.png"]],"res/atlas/CollisionFX/3.atlas":["CollisionFX/3/",["1.png","2.png","3.png","4.png","5.png","6.png","7.png"]],"res/atlas/comp.atlas":["comp/",["btn_close.png","button.png","check_circle.png","checkbox.png","clip_num.png","clip_tree_arrow.png","clip_tree_folder.png","combobox.png","fontClip.png","fontClip_num.png","hscroll$bar.png","hscroll$down.png","hscroll$up.png","hscroll.png","hslider$bar.png","hslider.png","html.png","image.png","img_bg.png","img_bg2.png","img_bg3.png","img_bg4.png","img_bg5.png","img_blank.png","label.png","progress$bar.png","progress.png","radio.png","radiogroup.png","tab.png","textarea.png","textinput.png","vscroll$bar.png","vscroll$down.png","vscroll$up.png","vscroll.png","vslider$bar.png","vslider.png"]],"res/atlas/Enemy/1.atlas":["Enemy/1/",["1.png","2.png","3.png","4.png","5.png","6.png","7.png","8.png","Enemy01_upShoot.png"]],"res/atlas/Enemy/10.atlas":["Enemy/10/",["1.png","2.png","3.png","4.png"]],"res/atlas/Enemy/2.atlas":["Enemy/2/",["1.png","2.png","3.png","4.png","5.png","6.png","7.png","8.png","Enemy02_upShoot.png"]],"res/atlas/Enemy/3.atlas":["Enemy/3/",["1.png","2.png","3.png","4.png","5.png","6.png","7.png","8.png"]],"res/atlas/Enemy/4.atlas":["Enemy/4/",["1.png","2.png","3.png","4.png"]],"res/atlas/Enemy/5.atlas":["Enemy/5/",["1.png","2.png","3.png","4.png"]],"res/atlas/Enemy/6.atlas":["Enemy/6/",["1.png","2.png","3.png","4.png"]],"res/atlas/Enemy/7.atlas":["Enemy/7/",["1.png","2.png","3.png","4.png"]],"res/atlas/Enemy/8.atlas":["Enemy/8/",["1.png","2.png","3.png","4.png"]],"res/atlas/Enemy/9.atlas":["Enemy/9/",["1.png","2.png","3.png","4.png"]],"res/atlas/Items/Coin.atlas":["Items/Coin/",["1.png","2.png","3.png","4.png","5.png","6.png","7.png","8.png"]],"res/atlas/Items/Flash.atlas":["Items/Flash/",["1.png","2.png","3.png","4.png"]],"res/atlas/Items/Heal.atlas":["Items/Heal/",["1.png","2.png","3.png","4.png"]],"res/atlas/Items/Power Up.atlas":["Items/Power Up/",["1.png","2.png","3.png","4.png"]],"res/atlas/Items/Speed Up.atlas":["Items/Speed Up/",["1.png","2.png","3.png","4.png"]],"res/atlas/Platform/Terran.atlas":["Platform/Terran/",["10.png","6.png","7.png","8.png","9.png"]],"res/atlas/Platform/Tree And Tile set.atlas":["Platform/Tree And Tile set/",["1.png","2.png","3.png","4.png","5.png","6.png","7.png","8.png","9.png"]],"res/atlas/Projectile.atlas":["Projectile/",["1.png","10.png","2.png","3.png","4.png","5.png","6.png","7.png","8.png","9.png"]],"res/atlas/User Interface.atlas":["User Interface/",["0Star.png","128.png","1star.png","2star.png","3star.png","AchievmentBtn.png","AddBtn.png","AtributBox1.png","AtributBox2.png","CloseBtn.png","FBBtn.png","GplusBtn.png","LeftArrow.png","Loadbar03.png","Loadbar04.png","LockStage.png","MenuBtn.png","PauseBtn.png","PlayBtn.png","ProfileBtn.png","RestartBtn.png","RightArrow.png","SoundON.png","SoundOff.png","StoreBtn.png","YesBtn.png","boxAtribut.png","btn01.png","btn02.png","btn03.png","btn04.png","buyBtn.png","emptyForm.png","hudLine.png","hudplayerIco.png","jumpCtrler.png","line1.png","op1.png","op2.png","op3.png","prj01.png","prj02.png","prj03.png","prj04.png","prj05.png","prj06.png","prj07.png","prj08.png","prj09.png","prj10.png","shootCtrl.png","stageAvailable.png","watchvideo.png"]]}