{"type":"Scene","props":{"x":0,"width":1920,"height":1080},"compId":2,"child":[{"type":"Sprite","props":{"zOrder":2,"y":0,"x":0,"width":1920,"name":"UI","height":1080},"compId":24,"child":[{"type":"Button","props":{"y":809,"x":86,"width":194,"stateNum":1,"skin":"User Interface/jumpCtrler.png","name":"btn_Up","height":194},"compId":25},{"type":"Button","props":{"y":809,"x":1625,"width":194,"stateNum":1,"skin":"User Interface/shootCtrl.png","name":"btn_Shoot","height":194},"compId":26},{"type":"ProgressBar","props":{"y":122,"x":154,"width":746,"value":1,"skin":"User Interface/hudLine.png","scaleY":0.7,"name":"hp","height":82},"compId":28,"child":[{"type":"Image","props":{"y":0,"x":-4,"width":750,"skin":"User Interface/hudLine3.png","height":22},"compId":33}]},{"type":"Image","props":{"y":82,"x":86,"skin":"User Interface/hudplayerIco.png"},"compId":27},{"type":"Text","props":{"y":110,"x":935,"width":231,"valign":"middle","text":"0m","name":"txt_Meter","height":79,"fontSize":80,"color":"#ffffff","bold":true,"align":"left","runtime":"Laya.Text"},"compId":29},{"type":"Image","props":{"y":204,"x":183,"width":104,"skin":"Items/Coin/1.png","name":"coin","height":104},"compId":30,"child":[{"type":"Text","props":{"y":10,"x":104,"width":267,"valign":"middle","text":"0","name":"txt_Coin","height":84,"fontSize":80,"color":"#ffffff","runtime":"Laya.Text"},"compId":31}]},{"type":"Button","props":{"y":72,"x":1722,"stateNum":1,"skin":"User Interface/PauseBtn.png","name":"btn_Pause"},"compId":32},{"type":"Script","props":{"txt_Coin":"@node:31","pre":"@Prefab:prefab/Player.prefab","runtime":"scripts/GameUIManager.js"},"compId":34},{"type":"Dialog","props":{"y":223.5,"x":148.5,"visible":false,"name":"GameOverDialog"},"compId":328,"child":[{"type":"Image","props":{"y":0,"x":0,"skin":"User Interface/PopupBox.png","name":"bg"},"compId":327},{"type":"Text","props":{"y":84.5,"x":440.5,"width":742,"valign":"middle","text":"Score:0","name":"txt_Score","height":232,"fontSize":130,"align":"center","runtime":"Laya.Text"},"compId":329},{"type":"Text","props":{"y":273,"x":303,"width":1017,"valign":"middle","text":"Best:0","name":"txt_Best","height":232,"fontSize":180,"align":"center","runtime":"Laya.Text"},"compId":330},{"type":"Button","props":{"y":551,"x":640,"stateNum":1,"skin":"User Interface/RestartBtn.png","name":"btn_Restart"},"compId":331},{"type":"Button","props":{"y":551,"x":909,"stateNum":1,"skin":"User Interface/MenuBtn.png","name":"btn_Menu"},"compId":332}]},{"type":"Sprite","props":{"y":238.5,"x":239,"visible":false,"name":"PauseDialog"},"compId":517,"child":[{"type":"Image","props":{"y":-1,"x":0,"skin":"User Interface/PopupBox.png","name":"bg"},"compId":511},{"type":"Text","props":{"y":110,"x":158,"width":1307,"valign":"middle","text":"PAUSE","height":338,"fontSize":260,"font":"Helvetica","bold":true,"align":"center","runtime":"Laya.Text"},"compId":512},{"type":"Button","props":{"y":541,"x":512,"stateNum":1,"skin":"User Interface/RestartBtn.png","name":"btn_Restart"},"compId":513},{"type":"Button","props":{"y":541,"x":714,"stateNum":1,"skin":"User Interface/PlayBtn.png","name":"btn_Play"},"compId":514},{"type":"Button","props":{"y":541,"x":906,"stateNum":1,"skin":"User Interface/SoundON.png","name":"btn_SoundOn"},"compId":515},{"type":"Button","props":{"y":541,"x":1093,"stateNum":1,"skin":"User Interface/MenuBtn.png","name":"btn_Menu"},"compId":516},{"type":"Button","props":{"y":541,"x":906,"stateNum":1,"skin":"User Interface/SoundOff.png","name":"btn_SoundOff"},"compId":539}]}]},{"type":"Sprite","props":{"zOrder":-3,"y":0,"x":0,"name":"bg"},"compId":5,"child":[{"type":"Sprite","props":{"width":2345,"texture":"Background/1/Repeated.png","name":"1"},"compId":3,"child":[{"type":"Script","props":{"runtime":"scripts/AutoMove.js"},"compId":16},{"type":"Script","props":{"runtime":"scripts/Repeating.js"},"compId":20},{"type":"Sprite","props":{"y":623,"x":404,"texture":"Platform/Tree And Tile set/3.png"},"compId":102},{"type":"Sprite","props":{"y":620,"x":1081,"texture":"Platform/Tree And Tile set/2.png"},"compId":103},{"type":"Sprite","props":{"y":652,"x":1662,"texture":"Platform/Tree And Tile set/4.png"},"compId":104}]},{"type":"Sprite","props":{"y":0,"x":2345,"width":2345,"texture":"Background/1/Repeated.png","name":"2"},"compId":4,"child":[{"type":"Script","props":{"runtime":"scripts/AutoMove.js"},"compId":17},{"type":"Script","props":{"runtime":"scripts/Repeating.js"},"compId":21},{"type":"Sprite","props":{"y":629,"x":109,"texture":"Platform/Tree And Tile set/1.png"},"compId":105},{"type":"Sprite","props":{"y":620,"x":856,"texture":"Platform/Tree And Tile set/2.png"},"compId":106},{"type":"Sprite","props":{"y":620,"x":1735,"texture":"Platform/Tree And Tile set/3.png"},"compId":107}]},{"type":"Script","props":{"runtime":"scripts/BgManager.js"},"compId":518}]},{"type":"Sprite","props":{"zOrder":-1,"y":939,"x":0,"name":"ground"},"compId":15,"child":[{"type":"Sprite","props":{"width":2401,"name":"1"},"compId":10,"child":[{"type":"Sprite","props":{"texture":"Platform/Terran/4.png"},"compId":6},{"type":"Sprite","props":{"x":1557,"texture":"Platform/Terran/4.png"},"compId":8},{"type":"Sprite","props":{"x":844,"texture":"Platform/Terran/5.png"},"compId":9},{"type":"Script","props":{"runtime":"scripts/AutoMove.js"},"compId":18},{"type":"Script","props":{"runtime":"scripts/Repeating.js"},"compId":22},{"type":"Script","props":{"width":2401,"label":"Ground","height":141,"friction":0,"runtime":"Laya.BoxCollider"},"compId":68},{"type":"Script","props":{"type":"kinematic","runtime":"Laya.RigidBody"},"compId":69}]},{"type":"Sprite","props":{"y":0,"x":2401,"width":2401,"name":"2"},"compId":70,"child":[{"type":"Sprite","props":{"texture":"Platform/Terran/4.png"},"compId":71},{"type":"Sprite","props":{"x":1557,"texture":"Platform/Terran/4.png"},"compId":72},{"type":"Sprite","props":{"x":844,"texture":"Platform/Terran/5.png"},"compId":73},{"type":"Script","props":{"runtime":"scripts/AutoMove.js"},"compId":74},{"type":"Script","props":{"runtime":"scripts/Repeating.js"},"compId":75},{"type":"Script","props":{"width":2401,"label":"Ground","height":141,"friction":0,"runtime":"Laya.BoxCollider"},"compId":76},{"type":"Script","props":{"type":"kinematic","runtime":"Laya.RigidBody"},"compId":77}]}]},{"type":"Sprite","props":{"name":"TopCollider"},"compId":79,"child":[{"type":"Script","props":{"y":0,"x":0,"width":1920,"height":16,"runtime":"Laya.BoxCollider"},"compId":80},{"type":"Script","props":{"type":"kinematic","runtime":"Laya.RigidBody"},"compId":81}]},{"type":"Sprite","props":{"zOrder":10,"width":1920,"name":"EffectCoin","height":1080},"compId":208,"child":[{"type":"Animation","props":{"visible":false,"source":"Animation/Other/EffectCoin.ani","autoPlay":true},"compId":209},{"type":"Animation","props":{"y":0,"x":0,"visible":false,"source":"Animation/Other/EffectCoin.ani","autoPlay":true},"compId":210},{"type":"Animation","props":{"y":0,"x":0,"visible":false,"source":"Animation/Other/EffectCoin.ani","autoPlay":true},"compId":211},{"type":"Animation","props":{"y":0,"x":0,"visible":false,"source":"Animation/Other/EffectCoin.ani","autoPlay":true},"compId":212},{"type":"Animation","props":{"y":0,"x":0,"visible":false,"source":"Animation/Other/EffectCoin.ani","autoPlay":true},"compId":213},{"type":"Animation","props":{"y":0,"x":0,"visible":false,"source":"Animation/Other/EffectCoin.ani","autoPlay":true},"compId":214},{"type":"Script","props":{"runtime":"scripts/EffectManager.js"},"compId":215}]},{"type":"Sprite","props":{"y":0,"x":0,"width":1920,"name":"EffectDemage","height":1080},"compId":318,"child":[{"type":"Animation","props":{"y":0,"x":0,"visible":false,"source":"Animation/Other/Demage.ani","autoPlay":true},"compId":319},{"type":"Animation","props":{"y":0,"x":0,"visible":false,"source":"Animation/Other/Demage.ani","autoPlay":true},"compId":320},{"type":"Animation","props":{"y":0,"x":0,"visible":false,"source":"Animation/Other/Demage.ani","autoPlay":true},"compId":321},{"type":"Animation","props":{"y":0,"x":0,"visible":false,"source":"Animation/Other/Demage.ani","autoPlay":true},"compId":322},{"type":"Script","props":{"runtime":"scripts/EffectManager.js"},"compId":323}]},{"type":"Sprite","props":{"y":0,"x":0,"width":1920,"name":"EffectOver","height":1080},"compId":325,"child":[{"type":"Animation","props":{"y":0,"x":0,"visible":false,"source":"Animation/Other/Over.ani","name":"over","autoPlay":true},"compId":324},{"type":"Script","props":{"runtime":"scripts/EffectManager.js"},"compId":326}]},{"type":"Animation","props":{"y":894,"x":567,"source":"Animation/Player/1.ani","name":"Player"},"compId":317,"child":[{"type":"Script","props":{"y":-45,"x":-50,"width":68,"height":90,"friction":0,"runtime":"Laya.BoxCollider"},"compId":36},{"type":"Script","props":{"gravityScale":3,"runtime":"Laya.RigidBody"},"compId":37},{"type":"Animation","props":{"y":113,"x":-41,"source":"Animation/Other/Smoke.ani","name":"smoke","autoPlay":true,"autoAnimation":"ani1"},"compId":82},{"type":"Script","props":{"runtime":"scripts/Player.js"},"compId":89},{"type":"Sprite","props":{"y":-3.5,"x":-29,"name":"spawnPoint"},"compId":90}]},{"type":"Sprite","props":{"zOrder":-2,"y":92,"x":2100,"name":"Obstacle"},"compId":491,"child":[{"type":"Sprite","props":{"y":16,"x":57,"name":"Ob1"},"compId":204,"child":[{"type":"Sprite","props":{"y":797,"texture":"Platform/Terran/10.png","name":"nail"},"compId":108,"child":[{"type":"Script","props":{"width":266,"label":"Nail","isSensor":true,"height":34,"friction":0,"runtime":"Laya.BoxCollider"},"compId":109},{"type":"Script","props":{"type":"kinematic","runtime":"Laya.RigidBody"},"compId":110}]},{"type":"Animation","props":{"y":654,"x":351,"source":"Animation/Other/Coin.ani","scaleY":1.5,"scaleX":1.5,"name":"coin","autoPlay":true},"compId":111,"child":[{"type":"Script","props":{"y":-19,"x":-20,"radius":18,"label":"Coin","isSensor":true,"friction":0,"runtime":"Laya.CircleCollider"},"compId":112},{"type":"Script","props":{"type":"kinematic","runtime":"Laya.RigidBody"},"compId":113}]},{"type":"Animation","props":{"y":654,"x":422,"source":"Animation/Other/Coin.ani","scaleY":1.5,"scaleX":1.5,"name":"coin","autoPlay":true},"compId":114,"child":[{"type":"Script","props":{"y":-19,"x":-20,"radius":18,"label":"Coin","isSensor":true,"friction":0,"runtime":"Laya.CircleCollider"},"compId":115},{"type":"Script","props":{"type":"kinematic","runtime":"Laya.RigidBody"},"compId":116}]},{"type":"Animation","props":{"y":654,"x":497,"source":"Animation/Other/Coin.ani","scaleY":1.5,"scaleX":1.5,"name":"coin","autoPlay":true},"compId":117,"child":[{"type":"Script","props":{"y":-19,"x":-20,"radius":18,"label":"Coin","isSensor":true,"friction":0,"runtime":"Laya.CircleCollider"},"compId":118},{"type":"Script","props":{"type":"kinematic","runtime":"Laya.RigidBody"},"compId":119}]},{"type":"Sprite","props":{"y":730,"x":682,"texture":"Enemy/1/1.png","name":"enemy1"},"compId":148,"child":[{"type":"Script","props":{"y":25,"x":51,"width":58,"label":"Enemy","isSensor":true,"height":76,"friction":0,"runtime":"Laya.BoxCollider"},"compId":149},{"type":"Script","props":{"type":"kinematic","allowSleep":false,"runtime":"Laya.RigidBody"},"compId":150},{"type":"Script","props":{"BulletType":"E_B_2","runtime":"scripts/EnemyCtrl.js"},"compId":336},{"type":"Sprite","props":{"y":79,"x":131,"name":"spawnPoint"},"compId":346}]},{"type":"Sprite","props":{"y":696,"x":1420,"texture":"Platform/Terran/6.png"},"compId":154},{"type":"Animation","props":{"y":773,"x":1199,"source":"Animation/Other/Coin.ani","scaleY":1.5,"scaleX":1.5,"name":"coin","autoPlay":true},"compId":155,"child":[{"type":"Script","props":{"y":-19,"x":-20,"radius":18,"label":"Coin","isSensor":true,"friction":0,"runtime":"Laya.CircleCollider"},"compId":158},{"type":"Script","props":{"type":"kinematic","runtime":"Laya.RigidBody"},"compId":159}]},{"type":"Animation","props":{"y":772,"x":1271,"source":"Animation/Other/Coin.ani","scaleY":1.5,"scaleX":1.5,"name":"coin","autoPlay":true},"compId":156,"child":[{"type":"Script","props":{"y":-19,"x":-20,"radius":18,"label":"Coin","isSensor":true,"friction":0,"runtime":"Laya.CircleCollider"},"compId":160},{"type":"Script","props":{"type":"kinematic","runtime":"Laya.RigidBody"},"compId":161}]},{"type":"Animation","props":{"y":772,"x":1346,"source":"Animation/Other/Coin.ani","scaleY":1.5,"scaleX":1.5,"name":"coin","autoPlay":true},"compId":157,"child":[{"type":"Script","props":{"y":-19,"x":-20,"radius":18,"label":"Coin","isSensor":true,"friction":0,"runtime":"Laya.CircleCollider"},"compId":162},{"type":"Script","props":{"type":"kinematic","runtime":"Laya.RigidBody"},"compId":163}]},{"type":"Sprite","props":{"y":229,"x":823},"compId":168,"child":[{"type":"Sprite","props":{"y":114.5,"texture":"Platform/Terran/8.png"},"compId":164},{"type":"Sprite","props":{"y":-0.5,"x":35,"texture":"Enemy/2/1.png","name":"enemy2"},"compId":165,"child":[{"type":"Script","props":{"y":30,"x":48,"width":57,"label":"Enemy","isSensor":true,"height":85,"friction":0,"runtime":"Laya.BoxCollider"},"compId":166},{"type":"Script","props":{"type":"kinematic","allowSleep":false,"runtime":"Laya.RigidBody"},"compId":167},{"type":"Script","props":{"runtime":"scripts/EnemyCtrl.js"},"compId":333},{"type":"Sprite","props":{"y":96,"x":131,"name":"spawnPoint"},"compId":338}]}]},{"type":"Sprite","props":{"x":161},"compId":174,"child":[{"type":"Animation","props":{"y":236,"x":93,"source":"Animation/Other/Coin.ani","scaleY":1.5,"scaleX":1.5,"name":"coin","autoPlay":true},"compId":120,"child":[{"type":"Script","props":{"y":-19,"x":-20,"radius":18,"label":"Coin","isSensor":true,"friction":0,"runtime":"Laya.CircleCollider"},"compId":121},{"type":"Script","props":{"type":"kinematic","runtime":"Laya.RigidBody"},"compId":122}]},{"type":"Animation","props":{"y":192,"x":153,"source":"Animation/Other/Coin.ani","scaleY":1.5,"scaleX":1.5,"name":"coin","autoPlay":true},"compId":123,"child":[{"type":"Script","props":{"y":-19,"x":-20,"radius":18,"label":"Coin","isSensor":true,"friction":0,"runtime":"Laya.CircleCollider"},"compId":124},{"type":"Script","props":{"type":"kinematic","runtime":"Laya.RigidBody"},"compId":125}]},{"type":"Animation","props":{"y":144,"x":207,"source":"Animation/Other/Coin.ani","scaleY":1.5,"scaleX":1.5,"name":"coin","autoPlay":true},"compId":126,"child":[{"type":"Script","props":{"y":-19,"x":-20,"radius":18,"label":"Coin","isSensor":true,"friction":0,"runtime":"Laya.CircleCollider"},"compId":127},{"type":"Script","props":{"type":"kinematic","runtime":"Laya.RigidBody"},"compId":128}]},{"type":"Animation","props":{"y":100,"x":261,"source":"Animation/Other/Coin.ani","scaleY":1.5,"scaleX":1.5,"name":"coin","autoPlay":true},"compId":129,"child":[{"type":"Script","props":{"y":-19,"x":-20,"radius":18,"label":"Coin","isSensor":true,"friction":0,"runtime":"Laya.CircleCollider"},"compId":130},{"type":"Script","props":{"type":"kinematic","runtime":"Laya.RigidBody"},"compId":131}]},{"type":"Sprite","props":{"y":292,"x":105,"texture":"Platform/Terran/10.png","rotation":-40,"name":"nail"},"compId":132,"child":[{"type":"Script","props":{"width":266,"label":"Nail","isSensor":true,"height":34,"friction":0,"runtime":"Laya.BoxCollider"},"compId":133},{"type":"Script","props":{"type":"kinematic","runtime":"Laya.RigidBody"},"compId":134}]},{"type":"Sprite","props":{"y":326,"x":145,"texture":"Platform/Terran/9.png","rotation":-40},"compId":135},{"type":"Animation","props":{"y":179,"x":42,"source":"Animation/Other/Coin.ani","scaleY":1.5,"scaleX":1.5,"name":"coin","autoPlay":true},"compId":136,"child":[{"type":"Script","props":{"y":-19,"x":-20,"radius":18,"label":"Coin","isSensor":true,"friction":0,"runtime":"Laya.CircleCollider"},"compId":140},{"type":"Script","props":{"type":"kinematic","runtime":"Laya.RigidBody"},"compId":141}]},{"type":"Animation","props":{"y":135,"x":102,"source":"Animation/Other/Coin.ani","scaleY":1.5,"scaleX":1.5,"name":"coin","autoPlay":true},"compId":137,"child":[{"type":"Script","props":{"y":-19,"x":-20,"radius":18,"label":"Coin","isSensor":true,"friction":0,"runtime":"Laya.CircleCollider"},"compId":142},{"type":"Script","props":{"type":"kinematic","runtime":"Laya.RigidBody"},"compId":143}]},{"type":"Animation","props":{"y":86,"x":156,"source":"Animation/Other/Coin.ani","scaleY":1.5,"scaleX":1.5,"name":"coin","autoPlay":true},"compId":138,"child":[{"type":"Script","props":{"y":-19,"x":-20,"radius":18,"label":"Coin","isSensor":true,"friction":0,"runtime":"Laya.CircleCollider"},"compId":144},{"type":"Script","props":{"type":"kinematic","runtime":"Laya.RigidBody"},"compId":145}]},{"type":"Animation","props":{"y":42,"x":210,"source":"Animation/Other/Coin.ani","scaleY":1.5,"scaleX":1.5,"name":"coin","autoPlay":true},"compId":139,"child":[{"type":"Script","props":{"y":-19,"x":-20,"radius":18,"label":"Coin","isSensor":true,"friction":0,"runtime":"Laya.CircleCollider"},"compId":146},{"type":"Script","props":{"type":"kinematic","runtime":"Laya.RigidBody"},"compId":147}]}]},{"type":"Sprite","props":{"y":187.51342242476272,"x":1390},"compId":175,"child":[{"type":"Animation","props":{"y":264,"x":122,"source":"Animation/Other/Coin.ani","scaleY":1.5,"scaleX":1.5,"name":"coin","autoPlay":true},"compId":176,"child":[{"type":"Script","props":{"y":-19,"x":-20,"radius":18,"label":"Coin","isSensor":true,"friction":0,"runtime":"Laya.CircleCollider"},"compId":177},{"type":"Script","props":{"type":"kinematic","runtime":"Laya.RigidBody"},"compId":178}]},{"type":"Animation","props":{"y":264,"x":207,"source":"Animation/Other/Coin.ani","scaleY":1.5,"scaleX":1.5,"name":"coin","autoPlay":true},"compId":179,"child":[{"type":"Script","props":{"y":-19,"x":-20,"radius":18,"label":"Coin","isSensor":true,"friction":0,"runtime":"Laya.CircleCollider"},"compId":180},{"type":"Script","props":{"type":"kinematic","runtime":"Laya.RigidBody"},"compId":181}]},{"type":"Animation","props":{"y":264,"x":290,"source":"Animation/Other/Coin.ani","scaleY":1.5,"scaleX":1.5,"name":"coin","autoPlay":true},"compId":182,"child":[{"type":"Script","props":{"y":-19,"x":-20,"radius":18,"label":"Coin","isSensor":true,"friction":0,"runtime":"Laya.CircleCollider"},"compId":183},{"type":"Script","props":{"type":"kinematic","runtime":"Laya.RigidBody"},"compId":184}]},{"type":"Animation","props":{"y":264,"x":364,"source":"Animation/Other/Coin.ani","scaleY":1.5,"scaleX":1.5,"name":"coin","autoPlay":true},"compId":185,"child":[{"type":"Script","props":{"y":-19,"x":-20,"radius":18,"label":"Coin","isSensor":true,"friction":0,"runtime":"Laya.CircleCollider"},"compId":186},{"type":"Script","props":{"type":"kinematic","runtime":"Laya.RigidBody"},"compId":187}]},{"type":"Sprite","props":{"y":292,"x":105,"texture":"Platform/Terran/10.png","name":"nail"},"compId":188,"child":[{"type":"Script","props":{"width":266,"label":"Nail","isSensor":true,"height":34,"friction":0,"runtime":"Laya.BoxCollider"},"compId":189},{"type":"Script","props":{"type":"kinematic","runtime":"Laya.RigidBody"},"compId":190}]},{"type":"Sprite","props":{"y":347,"x":112,"texture":"Platform/Terran/9.png"},"compId":191},{"type":"Animation","props":{"y":205.75,"x":122,"source":"Animation/Other/Coin.ani","scaleY":1.5,"scaleX":1.5,"name":"coin","autoPlay":true},"compId":192,"child":[{"type":"Script","props":{"y":-19,"x":-20,"radius":18,"label":"Coin","isSensor":true,"friction":0,"runtime":"Laya.CircleCollider"},"compId":193},{"type":"Script","props":{"type":"kinematic","runtime":"Laya.RigidBody"},"compId":194}]},{"type":"Animation","props":{"y":205.5,"x":207,"source":"Animation/Other/Coin.ani","scaleY":1.5,"scaleX":1.5,"name":"coin","autoPlay":true},"compId":195,"child":[{"type":"Script","props":{"y":-19,"x":-20,"radius":18,"label":"Coin","isSensor":true,"friction":0,"runtime":"Laya.CircleCollider"},"compId":196},{"type":"Script","props":{"type":"kinematic","runtime":"Laya.RigidBody"},"compId":197}]},{"type":"Animation","props":{"y":205.75,"x":290,"source":"Animation/Other/Coin.ani","scaleY":1.5,"scaleX":1.5,"name":"coin","autoPlay":true},"compId":198,"child":[{"type":"Script","props":{"y":-19,"x":-20,"radius":18,"label":"Coin","isSensor":true,"friction":0,"runtime":"Laya.CircleCollider"},"compId":199},{"type":"Script","props":{"type":"kinematic","runtime":"Laya.RigidBody"},"compId":200}]},{"type":"Animation","props":{"y":205.5,"x":364,"source":"Animation/Other/Coin.ani","scaleY":1.5,"scaleX":1.5,"name":"coin","autoPlay":true},"compId":201,"child":[{"type":"Script","props":{"y":-19,"x":-20,"radius":18,"label":"Coin","isSensor":true,"friction":0,"runtime":"Laya.CircleCollider"},"compId":202},{"type":"Script","props":{"type":"kinematic","runtime":"Laya.RigidBody"},"compId":203}]}]},{"type":"Script","props":{"runtime":"scripts/AutoMove.js"},"compId":205},{"type":"Script","props":{"runtime":"scripts/ObstacleCtrl.js"},"compId":206},{"type":"Sprite","props":{"y":84.26342242476272,"x":1174},"compId":339,"child":[{"type":"Sprite","props":{"y":114.5,"texture":"Platform/Terran/8.png"},"compId":340},{"type":"Sprite","props":{"y":-0.5,"x":35,"texture":"Enemy/2/1.png","name":"enemy2"},"compId":341,"child":[{"type":"Script","props":{"y":30,"x":48,"width":57,"label":"Enemy","isSensor":true,"height":85,"friction":0,"runtime":"Laya.BoxCollider"},"compId":342},{"type":"Script","props":{"type":"kinematic","allowSleep":false,"runtime":"Laya.RigidBody"},"compId":343},{"type":"Script","props":{"runtime":"scripts/EnemyCtrl.js"},"compId":344},{"type":"Sprite","props":{"y":96,"x":131,"name":"spawnPoint"},"compId":345}]}]},{"type":"Sprite","props":{"y":730,"x":976.5,"texture":"Enemy/1/1.png","name":"enemy1"},"compId":348,"child":[{"type":"Script","props":{"y":25,"x":51,"width":58,"label":"Enemy","isSensor":true,"height":76,"friction":0,"runtime":"Laya.BoxCollider"},"compId":349},{"type":"Script","props":{"type":"kinematic","allowSleep":false,"runtime":"Laya.RigidBody"},"compId":350},{"type":"Script","props":{"BulletType":"E_B_2","runtime":"scripts/EnemyCtrl.js"},"compId":351},{"type":"Sprite","props":{"y":79,"x":131,"name":"spawnPoint"},"compId":352}]},{"type":"Sprite","props":{"y":0,"x":1780,"name":"Ob"},"compId":496,"child":[{"type":"Script","props":{"y":362.5,"x":119.5,"width":16,"label":"OB","isSensor":true,"height":179,"runtime":"Laya.BoxCollider"},"compId":497},{"type":"Script","props":{"type":"kinematic","allowSleep":false,"runtime":"Laya.RigidBody"},"compId":498}]}]},{"type":"Sprite","props":{"y":24,"x":40,"name":"Ob2"},"compId":421,"child":[{"type":"Animation","props":{"y":754.9815017499802,"x":42,"source":"Animation/Other/Coin.ani","scaleY":1.5,"scaleX":1.5,"name":"coin","autoPlay":true},"compId":354,"child":[{"type":"Script","props":{"y":-19,"x":-20,"radius":18,"label":"Coin","isSensor":true,"friction":0,"runtime":"Laya.CircleCollider"},"compId":357},{"type":"Script","props":{"type":"kinematic","runtime":"Laya.RigidBody"},"compId":358}]},{"type":"Animation","props":{"y":755.9815017499802,"x":113,"source":"Animation/Other/Coin.ani","scaleY":1.5,"scaleX":1.5,"name":"coin","autoPlay":true},"compId":355,"child":[{"type":"Script","props":{"y":-19,"x":-20,"radius":18,"label":"Coin","isSensor":true,"friction":0,"runtime":"Laya.CircleCollider"},"compId":359},{"type":"Script","props":{"type":"kinematic","runtime":"Laya.RigidBody"},"compId":360}]},{"type":"Animation","props":{"y":755.9815017499802,"x":188,"source":"Animation/Other/Coin.ani","scaleY":1.5,"scaleX":1.5,"name":"coin","autoPlay":true},"compId":356,"child":[{"type":"Script","props":{"y":-19,"x":-20,"radius":18,"label":"Coin","isSensor":true,"friction":0,"runtime":"Laya.CircleCollider"},"compId":361},{"type":"Script","props":{"type":"kinematic","runtime":"Laya.RigidBody"},"compId":362}]},{"type":"Animation","props":{"y":755.9815017499802,"x":266,"source":"Animation/Other/Coin.ani","scaleY":1.5,"scaleX":1.5,"name":"coin","autoPlay":true},"compId":363,"child":[{"type":"Script","props":{"y":-19,"x":-20,"radius":18,"label":"Coin","isSensor":true,"friction":0,"runtime":"Laya.CircleCollider"},"compId":364},{"type":"Script","props":{"type":"kinematic","runtime":"Laya.RigidBody"},"compId":365}]},{"type":"Animation","props":{"y":755.9815017499802,"x":348,"source":"Animation/Other/Coin.ani","scaleY":1.5,"scaleX":1.5,"name":"coin","autoPlay":true},"compId":366,"child":[{"type":"Script","props":{"y":-19,"x":-20,"radius":18,"label":"Coin","isSensor":true,"friction":0,"runtime":"Laya.CircleCollider"},"compId":367},{"type":"Script","props":{"type":"kinematic","runtime":"Laya.RigidBody"},"compId":368}]},{"type":"Sprite","props":{"y":687.9815017499802,"x":501,"texture":"Platform/Terran/6.png"},"compId":369},{"type":"Sprite","props":{"y":788.9815017499802,"x":669,"texture":"Platform/Terran/10.png","name":"nail"},"compId":370,"child":[{"type":"Script","props":{"width":266,"label":"Nail","isSensor":true,"height":34,"friction":0,"runtime":"Laya.BoxCollider"},"compId":371},{"type":"Script","props":{"type":"kinematic","runtime":"Laya.RigidBody"},"compId":372}]},{"type":"Sprite","props":{"y":433.9815017499803,"x":962,"texture":"Platform/Terran/7.png"},"compId":373},{"type":"Animation","props":{"y":502.9815017499803,"x":532,"source":"Animation/Other/Coin.ani","scaleY":1.5,"scaleX":1.5,"name":"coin","autoPlay":true},"compId":374,"child":[{"type":"Script","props":{"y":-19,"x":-20,"radius":18,"label":"Coin","isSensor":true,"friction":0,"runtime":"Laya.CircleCollider"},"compId":375},{"type":"Script","props":{"type":"kinematic","runtime":"Laya.RigidBody"},"compId":376}]},{"type":"Animation","props":{"y":502.9815017499803,"x":623,"source":"Animation/Other/Coin.ani","scaleY":1.5,"scaleX":1.5,"name":"coin","autoPlay":true},"compId":377,"child":[{"type":"Script","props":{"y":-19,"x":-20,"radius":18,"label":"Coin","isSensor":true,"friction":0,"runtime":"Laya.CircleCollider"},"compId":378},{"type":"Script","props":{"type":"kinematic","runtime":"Laya.RigidBody"},"compId":379}]},{"type":"Animation","props":{"y":596.9815017499802,"x":532,"source":"Animation/Other/Coin.ani","scaleY":1.5,"scaleX":1.5,"name":"coin","autoPlay":true},"compId":380,"child":[{"type":"Script","props":{"y":-19,"x":-20,"radius":18,"label":"Coin","isSensor":true,"friction":0,"runtime":"Laya.CircleCollider"},"compId":381},{"type":"Script","props":{"type":"kinematic","runtime":"Laya.RigidBody"},"compId":382}]},{"type":"Animation","props":{"y":596.9815017499802,"x":623,"source":"Animation/Other/Coin.ani","scaleY":1.5,"scaleX":1.5,"name":"coin","autoPlay":true},"compId":383,"child":[{"type":"Script","props":{"y":-19,"x":-20,"radius":18,"label":"Coin","isSensor":true,"friction":0,"runtime":"Laya.CircleCollider"},"compId":384},{"type":"Script","props":{"type":"kinematic","runtime":"Laya.RigidBody"},"compId":385}]},{"type":"Animation","props":{"y":271.9815017499803,"x":993,"source":"Animation/Other/Coin.ani","scaleY":1.5,"scaleX":1.5,"name":"coin","autoPlay":true},"compId":386,"child":[{"type":"Script","props":{"y":-19,"x":-20,"radius":18,"label":"Coin","isSensor":true,"friction":0,"runtime":"Laya.CircleCollider"},"compId":390},{"type":"Script","props":{"type":"kinematic","runtime":"Laya.RigidBody"},"compId":391}]},{"type":"Animation","props":{"y":271.9815017499803,"x":1084,"source":"Animation/Other/Coin.ani","scaleY":1.5,"scaleX":1.5,"name":"coin","autoPlay":true},"compId":387,"child":[{"type":"Script","props":{"y":-19,"x":-20,"radius":18,"label":"Coin","isSensor":true,"friction":0,"runtime":"Laya.CircleCollider"},"compId":392},{"type":"Script","props":{"type":"kinematic","runtime":"Laya.RigidBody"},"compId":393}]},{"type":"Animation","props":{"y":365.9815017499803,"x":993,"source":"Animation/Other/Coin.ani","scaleY":1.5,"scaleX":1.5,"name":"coin","autoPlay":true},"compId":388,"child":[{"type":"Script","props":{"y":-19,"x":-20,"radius":18,"label":"Coin","isSensor":true,"friction":0,"runtime":"Laya.CircleCollider"},"compId":394},{"type":"Script","props":{"type":"kinematic","runtime":"Laya.RigidBody"},"compId":395}]},{"type":"Animation","props":{"y":365.9815017499803,"x":1084,"source":"Animation/Other/Coin.ani","scaleY":1.5,"scaleX":1.5,"name":"coin","autoPlay":true},"compId":389,"child":[{"type":"Script","props":{"y":-19,"x":-20,"radius":18,"label":"Coin","isSensor":true,"friction":0,"runtime":"Laya.CircleCollider"},"compId":396},{"type":"Script","props":{"type":"kinematic","runtime":"Laya.RigidBody"},"compId":397}]},{"type":"Sprite","props":{"y":170.98150174998028,"x":379,"texture":"Platform/Terran/10.png","rotation":-40,"name":"nail"},"compId":398,"child":[{"type":"Script","props":{"width":266,"label":"Nail","isSensor":true,"height":34,"friction":0,"runtime":"Laya.BoxCollider"},"compId":400},{"type":"Script","props":{"type":"kinematic","runtime":"Laya.RigidBody"},"compId":401}]},{"type":"Sprite","props":{"y":204.98150174998028,"x":419,"texture":"Platform/Terran/9.png","rotation":-40},"compId":399},{"type":"Sprite","props":{"y":285.9815017499803,"x":1379,"texture":"Platform/Terran/10.png","rotation":0,"name":"nail"},"compId":402,"child":[{"type":"Script","props":{"width":266,"label":"Nail","isSensor":true,"height":34,"friction":0,"runtime":"Laya.BoxCollider"},"compId":404},{"type":"Script","props":{"type":"kinematic","runtime":"Laya.RigidBody"},"compId":405}]},{"type":"Sprite","props":{"y":331.9815017499803,"x":1386,"texture":"Platform/Terran/9.png","rotation":0},"compId":403},{"type":"Animation","props":{"y":755.9815017499802,"x":1379,"source":"Animation/Other/Coin.ani","scaleY":1.5,"scaleX":1.5,"name":"coin","autoPlay":true},"compId":406,"child":[{"type":"Script","props":{"y":-19,"x":-20,"radius":18,"label":"Coin","isSensor":true,"friction":0,"runtime":"Laya.CircleCollider"},"compId":411},{"type":"Script","props":{"type":"kinematic","runtime":"Laya.RigidBody"},"compId":412}]},{"type":"Animation","props":{"y":757.9815017499802,"x":1450,"source":"Animation/Other/Coin.ani","scaleY":1.5,"scaleX":1.5,"name":"coin","autoPlay":true},"compId":407,"child":[{"type":"Script","props":{"y":-19,"x":-20,"radius":18,"label":"Coin","isSensor":true,"friction":0,"runtime":"Laya.CircleCollider"},"compId":413},{"type":"Script","props":{"type":"kinematic","runtime":"Laya.RigidBody"},"compId":414}]},{"type":"Animation","props":{"y":757.9815017499802,"x":1525,"source":"Animation/Other/Coin.ani","scaleY":1.5,"scaleX":1.5,"name":"coin","autoPlay":true},"compId":408,"child":[{"type":"Script","props":{"y":-19,"x":-20,"radius":18,"label":"Coin","isSensor":true,"friction":0,"runtime":"Laya.CircleCollider"},"compId":415},{"type":"Script","props":{"type":"kinematic","runtime":"Laya.RigidBody"},"compId":416}]},{"type":"Animation","props":{"y":757.9815017499802,"x":1603,"source":"Animation/Other/Coin.ani","scaleY":1.5,"scaleX":1.5,"name":"coin","autoPlay":true},"compId":409,"child":[{"type":"Script","props":{"y":-19,"x":-20,"radius":18,"label":"Coin","isSensor":true,"friction":0,"runtime":"Laya.CircleCollider"},"compId":417},{"type":"Script","props":{"type":"kinematic","runtime":"Laya.RigidBody"},"compId":418}]},{"type":"Animation","props":{"y":757.9815017499802,"x":1685,"source":"Animation/Other/Coin.ani","scaleY":1.5,"scaleX":1.5,"name":"coin","autoPlay":true},"compId":410,"child":[{"type":"Script","props":{"y":-19,"x":-20,"radius":18,"label":"Coin","isSensor":true,"friction":0,"runtime":"Laya.CircleCollider"},"compId":419},{"type":"Script","props":{"type":"kinematic","runtime":"Laya.RigidBody"},"compId":420}]},{"type":"Sprite","props":{"y":95.48150174998028,"x":1731,"name":"Ob"},"compId":499,"child":[{"type":"Script","props":{"y":362.5,"x":119.5,"width":16,"label":"OB","isSensor":true,"height":179,"runtime":"Laya.BoxCollider"},"compId":500},{"type":"Script","props":{"type":"kinematic","allowSleep":false,"runtime":"Laya.RigidBody"},"compId":501}]},{"type":"Script","props":{"runtime":"scripts/ObstacleCtrl.js"},"compId":505},{"type":"Script","props":{"runtime":"scripts/AutoMove.js"},"compId":506}]},{"type":"Sprite","props":{"width":1837,"name":"Ob3"},"compId":490,"child":[{"type":"Sprite","props":{"y":140,"texture":"Platform/Terran/8.png"},"compId":422},{"type":"Sprite","props":{"y":458,"x":319,"texture":"Platform/Terran/7.png"},"compId":423},{"type":"Animation","props":{"y":298,"x":353,"source":"Animation/Other/Coin.ani","scaleY":1.5,"scaleX":1.5,"name":"coin","autoPlay":true},"compId":424,"child":[{"type":"Script","props":{"y":-19,"x":-20,"radius":18,"label":"Coin","isSensor":true,"friction":0,"runtime":"Laya.CircleCollider"},"compId":428},{"type":"Script","props":{"type":"kinematic","runtime":"Laya.RigidBody"},"compId":429}]},{"type":"Animation","props":{"y":298,"x":443,"source":"Animation/Other/Coin.ani","scaleY":1.5,"scaleX":1.5,"name":"coin","autoPlay":true},"compId":425,"child":[{"type":"Script","props":{"y":-19,"x":-20,"radius":18,"label":"Coin","isSensor":true,"friction":0,"runtime":"Laya.CircleCollider"},"compId":430},{"type":"Script","props":{"type":"kinematic","runtime":"Laya.RigidBody"},"compId":431}]},{"type":"Animation","props":{"y":392,"x":352,"source":"Animation/Other/Coin.ani","scaleY":1.5,"scaleX":1.5,"name":"coin","autoPlay":true},"compId":426,"child":[{"type":"Script","props":{"y":-19,"x":-20,"radius":18,"label":"Coin","isSensor":true,"friction":0,"runtime":"Laya.CircleCollider"},"compId":432},{"type":"Script","props":{"type":"kinematic","runtime":"Laya.RigidBody"},"compId":433}]},{"type":"Animation","props":{"y":392,"x":443,"source":"Animation/Other/Coin.ani","scaleY":1.5,"scaleX":1.5,"name":"coin","autoPlay":true},"compId":427,"child":[{"type":"Script","props":{"y":-19,"x":-20,"radius":18,"label":"Coin","isSensor":true,"friction":0,"runtime":"Laya.CircleCollider"},"compId":434},{"type":"Script","props":{"type":"kinematic","runtime":"Laya.RigidBody"},"compId":435}]},{"type":"Sprite","props":{"y":264,"x":663,"texture":"Platform/Terran/10.png","rotation":-30,"name":"nail"},"compId":436,"child":[{"type":"Script","props":{"width":266,"label":"Nail","isSensor":true,"height":34,"friction":0,"runtime":"Laya.BoxCollider"},"compId":438},{"type":"Script","props":{"type":"kinematic","runtime":"Laya.RigidBody"},"compId":439}]},{"type":"Sprite","props":{"y":307,"x":698,"texture":"Platform/Terran/9.png","rotation":-30},"compId":437},{"type":"Sprite","props":{"y":140,"x":1005,"texture":"Platform/Terran/10.png","rotation":30,"name":"nail"},"compId":440,"child":[{"type":"Script","props":{"width":266,"label":"Nail","isSensor":true,"height":34,"friction":0,"runtime":"Laya.BoxCollider"},"compId":442},{"type":"Script","props":{"type":"kinematic","runtime":"Laya.RigidBody"},"compId":443}]},{"type":"Sprite","props":{"y":185,"x":986,"texture":"Platform/Terran/9.png","rotation":30},"compId":441},{"type":"Animation","props":{"y":157,"x":698,"source":"Animation/Other/Coin.ani","scaleY":1.5,"scaleX":1.5,"name":"coin","autoPlay":true},"compId":444,"child":[{"type":"Script","props":{"y":-19,"x":-20,"radius":18,"label":"Coin","isSensor":true,"friction":0,"runtime":"Laya.CircleCollider"},"compId":445},{"type":"Script","props":{"type":"kinematic","runtime":"Laya.RigidBody"},"compId":446}]},{"type":"Animation","props":{"y":86,"x":812,"source":"Animation/Other/Coin.ani","scaleY":1.5,"scaleX":1.5,"name":"coin","autoPlay":true},"compId":447,"child":[{"type":"Script","props":{"y":-19,"x":-20,"radius":18,"label":"Coin","isSensor":true,"friction":0,"runtime":"Laya.CircleCollider"},"compId":448},{"type":"Script","props":{"type":"kinematic","runtime":"Laya.RigidBody"},"compId":449}]},{"type":"Animation","props":{"y":42,"x":950,"source":"Animation/Other/Coin.ani","scaleY":1.5,"scaleX":1.5,"name":"coin","autoPlay":true},"compId":450,"child":[{"type":"Script","props":{"y":-19,"x":-20,"radius":18,"label":"Coin","isSensor":true,"friction":0,"runtime":"Laya.CircleCollider"},"compId":451},{"type":"Script","props":{"type":"kinematic","runtime":"Laya.RigidBody"},"compId":452}]},{"type":"Animation","props":{"y":86,"x":1101,"source":"Animation/Other/Coin.ani","scaleY":1.5,"scaleX":1.5,"name":"coin","autoPlay":true},"compId":453,"child":[{"type":"Script","props":{"y":-19,"x":-20,"radius":18,"label":"Coin","isSensor":true,"friction":0,"runtime":"Laya.CircleCollider"},"compId":454},{"type":"Script","props":{"type":"kinematic","runtime":"Laya.RigidBody"},"compId":455}]},{"type":"Animation","props":{"y":157,"x":1229,"source":"Animation/Other/Coin.ani","scaleY":1.5,"scaleX":1.5,"name":"coin","autoPlay":true},"compId":456,"child":[{"type":"Script","props":{"y":-19,"x":-20,"radius":18,"label":"Coin","isSensor":true,"friction":0,"runtime":"Laya.CircleCollider"},"compId":457},{"type":"Script","props":{"type":"kinematic","runtime":"Laya.RigidBody"},"compId":458}]},{"type":"Sprite","props":{"y":746,"x":722,"texture":"Enemy/1/1.png","name":"enemy1"},"compId":459,"child":[{"type":"Script","props":{"y":25,"x":51,"width":58,"label":"Enemy","isSensor":true,"height":76,"friction":0,"runtime":"Laya.BoxCollider"},"compId":460},{"type":"Script","props":{"type":"kinematic","allowSleep":false,"runtime":"Laya.RigidBody"},"compId":461},{"type":"Script","props":{"BulletType":"E_B_2","runtime":"scripts/EnemyCtrl.js"},"compId":462},{"type":"Sprite","props":{"y":79,"x":131,"name":"spawnPoint"},"compId":463}]},{"type":"Sprite","props":{"y":712,"x":1056,"texture":"Platform/Terran/6.png"},"compId":464},{"type":"Sprite","props":{"y":611,"x":1039,"texture":"Enemy/1/1.png","name":"enemy1"},"compId":465,"child":[{"type":"Script","props":{"y":25,"x":51,"width":58,"label":"Enemy","isSensor":true,"height":76,"friction":0,"runtime":"Laya.BoxCollider"},"compId":466},{"type":"Script","props":{"type":"kinematic","allowSleep":false,"runtime":"Laya.RigidBody"},"compId":467},{"type":"Script","props":{"BulletType":"E_B_2","runtime":"scripts/EnemyCtrl.js"},"compId":468},{"type":"Sprite","props":{"y":79,"x":131,"name":"spawnPoint"},"compId":469}]},{"type":"Animation","props":{"y":779,"x":1303,"source":"Animation/Other/Coin.ani","scaleY":1.5,"scaleX":1.5,"name":"coin","autoPlay":true},"compId":470,"child":[{"type":"Script","props":{"y":-19,"x":-20,"radius":18,"label":"Coin","isSensor":true,"friction":0,"runtime":"Laya.CircleCollider"},"compId":471},{"type":"Script","props":{"type":"kinematic","runtime":"Laya.RigidBody"},"compId":472}]},{"type":"Animation","props":{"y":779,"x":1402,"source":"Animation/Other/Coin.ani","scaleY":1.5,"scaleX":1.5,"name":"coin","autoPlay":true},"compId":473,"child":[{"type":"Script","props":{"y":-19,"x":-20,"radius":18,"label":"Coin","isSensor":true,"friction":0,"runtime":"Laya.CircleCollider"},"compId":474},{"type":"Script","props":{"type":"kinematic","runtime":"Laya.RigidBody"},"compId":475}]},{"type":"Animation","props":{"y":779,"x":1499,"source":"Animation/Other/Coin.ani","scaleY":1.5,"scaleX":1.5,"name":"coin","autoPlay":true},"compId":476,"child":[{"type":"Script","props":{"y":-19,"x":-20,"radius":18,"label":"Coin","isSensor":true,"friction":0,"runtime":"Laya.CircleCollider"},"compId":477},{"type":"Script","props":{"type":"kinematic","runtime":"Laya.RigidBody"},"compId":478}]},{"type":"Sprite","props":{"y":458,"x":1693,"texture":"Platform/Terran/7.png"},"compId":479},{"type":"Sprite","props":{"y":343,"x":1690,"texture":"Enemy/2/1.png","name":"enemy2"},"compId":485,"child":[{"type":"Script","props":{"y":30,"x":48,"width":57,"label":"Enemy","isSensor":true,"height":85,"friction":0,"runtime":"Laya.BoxCollider"},"compId":486},{"type":"Script","props":{"type":"kinematic","allowSleep":false,"runtime":"Laya.RigidBody"},"compId":487},{"type":"Script","props":{"runtime":"scripts/EnemyCtrl.js"},"compId":488},{"type":"Sprite","props":{"y":96,"x":131,"name":"spawnPoint"},"compId":489}]},{"type":"Sprite","props":{"y":86,"x":1825,"name":"Ob"},"compId":502,"child":[{"type":"Script","props":{"y":362.5,"x":119.5,"width":16,"label":"OB","isSensor":true,"height":179,"runtime":"Laya.BoxCollider"},"compId":503},{"type":"Script","props":{"type":"kinematic","allowSleep":false,"runtime":"Laya.RigidBody"},"compId":504}]},{"type":"Script","props":{"runtime":"scripts/AutoMove.js"},"compId":507},{"type":"Script","props":{"runtime":"scripts/ObstacleCtrl.js"},"compId":508}]},{"type":"Script","props":{"runtime":"scripts/ObstacleManager.js"},"compId":492}]},{"type":"Sprite","props":{"name":"LeftCollider"},"compId":493,"child":[{"type":"Script","props":{"y":0,"x":-40,"width":16,"label":"LeftCollider","isSensor":true,"height":1080,"runtime":"Laya.BoxCollider"},"compId":494},{"type":"Script","props":{"type":"kinematic","allowSleep":false,"runtime":"Laya.RigidBody"},"compId":495},{"type":"Script","props":{"runtime":"scripts/LeftCollider.js"},"compId":509}]},{"type":"Sprite","props":{"name":"Prop"},"compId":519,"child":[{"type":"Sprite","props":{"y":778.0000038048756,"x":2083.5,"width":71,"texture":"User Interface/prj04.png","rotation":180,"name":"P_B_2","height":58},"compId":520,"child":[{"type":"Script","props":{"y":-2,"x":-1,"radius":30,"label":"P_B_2","isSensor":true,"friction":0,"runtime":"Laya.CircleCollider"},"compId":521},{"type":"Script","props":{"type":"kinematic","allowSleep":false,"runtime":"Laya.RigidBody"},"compId":522}]},{"type":"Sprite","props":{"y":254,"x":2005,"width":60,"texture":"User Interface/prj01.png","name":"P_B_1","height":60},"compId":523,"child":[{"type":"Script","props":{"radius":30,"label":"P_B_1","isSensor":true,"friction":0,"runtime":"Laya.CircleCollider"},"compId":524},{"type":"Script","props":{"type":"kinematic","allowSleep":false,"runtime":"Laya.RigidBody"},"compId":525}]},{"type":"Animation","props":{"y":370,"x":2040,"source":"Animation/Prop/Heal.ani","name":"Heal","autoPlay":true},"compId":526,"child":[{"type":"Script","props":{"y":-28,"x":-27,"radius":30,"label":"Heal","isSensor":true,"friction":0,"runtime":"Laya.CircleCollider"},"compId":527},{"type":"Script","props":{"type":"kinematic","allowSleep":false,"runtime":"Laya.RigidBody"},"compId":528}]},{"type":"Animation","props":{"y":463,"x":2119,"source":"Animation/Prop/Enemy4.ani","name":"Enemy4","autoPlay":true},"compId":529,"child":[{"type":"Script","props":{"y":-38,"x":-98,"width":101,"label":"Enemy","isSensor":true,"height":75,"runtime":"Laya.BoxCollider"},"compId":530},{"type":"Script","props":{"type":"kinematic","allowSleep":false,"runtime":"Laya.RigidBody"},"compId":531}]},{"type":"Animation","props":{"y":554,"x":2088,"source":"Animation/Prop/Enemy5.ani","name":"Enemy5","autoPlay":true},"compId":532,"child":[{"type":"Script","props":{"y":-34,"x":-74,"width":59,"label":"Enemy","isSensor":true,"height":66,"friction":0,"runtime":"Laya.BoxCollider"},"compId":533},{"type":"Script","props":{"type":"kinematic","allowSleep":false,"runtime":"Laya.RigidBody"},"compId":534}]},{"type":"Animation","props":{"y":664,"x":2100.5,"source":"Animation/Prop/Enemy6.ani","name":"Enemy6","autoPlay":true},"compId":535,"child":[{"type":"Script","props":{"y":-19,"x":-74,"width":48,"label":"Enemy","isSensor":true,"height":40,"runtime":"Laya.BoxCollider"},"compId":536},{"type":"Script","props":{"type":"kinematic","allowSleep":false,"runtime":"Laya.RigidBody"},"compId":537}]},{"type":"Script","props":{"runtime":"scripts/PropManager.js"},"compId":538}]}],"loadList":["User Interface/jumpCtrler.png","User Interface/shootCtrl.png","User Interface/hudLine.png","User Interface/hudLine3.png","User Interface/hudplayerIco.png","Items/Coin/1.png","User Interface/PauseBtn.png","prefab/Player.prefab","User Interface/PopupBox.png","User Interface/RestartBtn.png","User Interface/MenuBtn.png","User Interface/PlayBtn.png","User Interface/SoundON.png","User Interface/SoundOff.png","Background/1/Repeated.png","Platform/Tree And Tile set/3.png","Platform/Tree And Tile set/2.png","Platform/Tree And Tile set/4.png","Platform/Tree And Tile set/1.png","Platform/Terran/4.png","Platform/Terran/5.png","Animation/Other/EffectCoin.ani","Animation/Other/Demage.ani","Animation/Other/Over.ani","Animation/Player/1.ani","Animation/Other/Smoke.ani","Platform/Terran/10.png","Animation/Other/Coin.ani","Enemy/1/1.png","Platform/Terran/6.png","Platform/Terran/8.png","Enemy/2/1.png","Platform/Terran/9.png","Platform/Terran/7.png","User Interface/prj04.png","User Interface/prj01.png","Animation/Prop/Heal.ani","Animation/Prop/Enemy4.ani","Animation/Prop/Enemy5.ani","Animation/Prop/Enemy6.ani"],"loadList3D":[]}