{"type":"Scene","props":{"width":1920,"height":1080},"compId":2,"child":[{"type":"Image","props":{"width":1920,"skin":"User Interface/bg01.png","name":"bg","height":1080},"compId":3},{"type":"ProgressBar","props":{"y":516,"x":529.5,"width":861,"value":0,"skin":"User Interface/Loadbar.png","scaleY":3,"scaleX":1,"height":24},"compId":4},{"type":"Image","props":{"y":508,"x":446.5,"width":83,"skin":"User Interface/Loadbar03.png","height":86},"compId":5},{"type":"Image","props":{"y":508,"x":1390.5,"width":83,"skin":"User Interface/Loadbar04.png","height":86},"compId":6},{"type":"Text","props":{"y":343,"x":618.5,"width":683,"valign":"middle","text":"LOAD GAME","height":156,"fontSize":110,"color":"#000000","bold":true,"align":"center","runtime":"Laya.Text"},"compId":7},{"type":"Script","props":{"progressBar":"@node:4","runtime":"scripts/Loading.js"},"compId":8}],"loadList":["User Interface/bg01.png","User Interface/Loadbar.png","User Interface/Loadbar03.png","User Interface/Loadbar04.png"],"loadList3D":[]}