{"type":"Scene","props":{"x":0,"width":1920,"height":1080},"compId":2,"child":[{"type":"Sprite","props":{"name":"StartPanel"},"compId":9,"child":[{"type":"Image","props":{"y":0,"x":0,"width":1920,"skin":"User Interface/bg02.png","name":"bg","height":1080},"compId":4},{"type":"Image","props":{"y":352,"x":102,"width":813,"skin":"User Interface/Tittle.png","name":"title","height":375},"compId":5},{"type":"Button","props":{"y":352,"x":1372,"width":328,"stateNum":1,"skin":"User Interface/btn02.png","name":"btn_Start","labelSize":50,"label":"Start Game","height":99},"compId":6},{"type":"Button","props":{"y":553,"x":1372,"width":328,"stateNum":1,"skin":"User Interface/btn02.png","name":"btn_Shop","labelSize":50,"label":"Shop","height":99},"compId":7},{"type":"Script","props":{"runtime":"scripts/StartPanel.js"},"compId":10}]},{"type":"Sprite","props":{"name":"ShopPanel"},"compId":17,"child":[{"type":"Image","props":{"y":0,"x":0,"width":1920,"skin":"User Interface/bg01.png","name":"bg","height":1080},"compId":11},{"type":"Image","props":{"y":18,"x":16,"width":91,"skin":"User Interface/op2.png","name":"coin","height":91},"compId":12,"child":[{"type":"Text","props":{"y":2,"x":104,"width":298,"valign":"middle","text":"0","name":"txt_Coin","height":88,"fontSize":70,"color":"#ffffff","align":"left","runtime":"Laya.Text"},"compId":13}]},{"type":"Image","props":{"y":5,"x":608,"width":704,"skin":"User Interface/RibonTitle.png","name":"title","height":117},"compId":14,"child":[{"type":"Text","props":{"y":0,"x":0,"width":704,"valign":"middle","text":"CHARACTERS","height":97,"fontSize":65,"align":"center","runtime":"Laya.Text"},"compId":15}]},{"type":"Button","props":{"y":19,"x":1798,"width":90,"stateNum":1,"skin":"User Interface/MenuBtn.png","name":"btn_Menu","height":90},"compId":16},{"type":"List","props":{"y":272,"x":289.5,"spaceX":150,"repeatX":3,"name":"CharacterList","hScrollBarSkin":"comp/hscroll.png"},"compId":28,"child":[{"type":"Box","props":{"renderType":"render","name":"item"},"compId":27,"child":[{"type":"Image","props":{"skin":"User Interface/boxStat.png","name":"bg"},"compId":18},{"type":"Image","props":{"y":147,"x":58,"width":231,"skin":"Characters/1/Die/1.png","name":"img_Skin","height":231},"compId":19},{"type":"Image","props":{"y":30,"x":240,"width":74,"skin":"User Interface/YesBtn.png","name":"img_Choose","height":74},"compId":20},{"type":"Text","props":{"y":449,"x":38,"width":272,"valign":"middle","text":"test","name":"txt_Name","height":78,"fontSize":80,"color":"#ffffff","align":"center","runtime":"Laya.Text"},"compId":21},{"type":"Image","props":{"y":449,"x":58,"width":78,"skin":"Items/Coin/1.png","name":"price","height":78},"compId":22,"child":[{"type":"Text","props":{"y":6.5,"x":78,"width":172,"valign":"middle","text":"1000","name":"txt_Price","height":65,"fontSize":65,"color":"#ffffff","align":"left","runtime":"Laya.Text"},"compId":23}]}]}]},{"type":"Button","props":{"y":510,"x":98,"stateNum":1,"skin":"User Interface/LeftArrow.png","name":"btn_Left"},"compId":29},{"type":"Button","props":{"y":510,"x":1734,"stateNum":1,"skin":"User Interface/RightArrow.png","name":"btn_Right"},"compId":30},{"type":"Script","props":{"txt_Coin":"@node:13","pre":"@Prefab:prefab/Player.prefab","characterList":"@node:28","buyPanel":"@node:34","runtime":"scripts/ShopPanel.js"},"compId":31},{"type":"Dialog","props":{"y":383,"x":557.5,"name":"buyPanel"},"compId":34,"child":[{"type":"Image","props":{"width":805,"skin":"User Interface/PopupBox.png","height":314},"compId":33},{"type":"Button","props":{"y":92.5,"x":89,"width":274,"stateNum":1,"skin":"User Interface/buyBtn.png","name":"ok","height":129},"compId":35},{"type":"Button","props":{"y":101,"x":573,"stateNum":1,"skin":"User Interface/CloseBtn.png","name":"no"},"compId":36}]}]}],"loadList":["User Interface/bg02.png","User Interface/Tittle.png","User Interface/btn02.png","User Interface/bg01.png","User Interface/op2.png","User Interface/RibonTitle.png","User Interface/MenuBtn.png","comp/hscroll.png","User Interface/boxStat.png","Characters/1/Die/1.png","User Interface/YesBtn.png","Items/Coin/1.png","User Interface/LeftArrow.png","User Interface/RightArrow.png","prefab/Player.prefab","User Interface/PopupBox.png","User Interface/buyBtn.png","User Interface/CloseBtn.png"],"loadList3D":[]}