{"res/atlas/comp.atlas":["comp/",["btn_close.png","button.png","check_circle.png","checkbox.png","clip_num.png","clip_tree_arrow.png","clip_tree_folder.png","combobox.png","fontClip.png","fontClip_num.png","hscroll$bar.png","hscroll$down.png","hscroll$up.png","hscroll.png","hslider$bar.png","hslider.png","html.png","image.png","img_bg.png","img_bg2.png","img_bg3.png","img_bg4.png","img_bg5.png","img_blank.png","label.png","progress$bar.png","progress.png","radio.png","radiogroup.png","tab.png","textarea.png","textinput.png","vscroll$bar.png","vscroll$down.png","vscroll$up.png","vscroll.png","vslider$bar.png","vslider.png"]],"res/atlas/Textures/Balls.atlas":["Textures/Balls/",["ball1.png"]],"res/atlas/Textures/Buttons.atlas":["Textures/Buttons/",["count-1.png","count-2.png","count-3.png","jump.png","move-left.png","move-right.png"]],"res/atlas/Textures/Gfx.atlas":["Textures/Gfx/",["mainHUD.png"]],"res/atlas/Textures/Players.atlas":["Textures/Players/",["Player-Head-01-c.png","Player-Head-01-n.png","Player-Head-02-c.png","Player-Head-02-n.png","Player-Head-03-c.png","Player-Head-03-n.png","Player-Head-04-c.png","Player-Head-04-n.png","Player-Shoe-01-.png","Player-Shoe-02-.png"]],"res/atlas/Textures/UI.atlas":["Textures/UI/",["BTN-Play2.png","BTN-Settings.png","BTN3.png","UI-Pause.png","arrowL-Yellow.png","arrowR-Yellow.png","middlePole.png"]]}