{"type":"Scene","props":{"width":1920,"height":1080,"autoDestroyAtClosed":true},"compId":2,"child":[{"type":"Sprite","props":{"y":0,"x":0,"width":1934,"texture":"Textures/Background/sky_day.jpg","name":"sky","height":619},"compId":3},{"type":"Sprite","props":{"width":1937,"texture":"Textures/Background/stadium-02.png","name":"stage","height":692},"compId":4},{"type":"Sprite","props":{"y":692,"x":-6,"width":1932,"texture":"Textures/Background/field-01.png","name":"ground","height":217},"compId":5},{"type":"Sprite","props":{"y":898,"x":-10,"width":1944,"texture":"Textures/Background/ButtonHolder.png","name":"bottom","height":235},"compId":6},{"type":"Sprite","props":{"y":636,"x":955,"texture":"Textures/UI/middlePole.png","name":"pole"},"compId":7,"child":[{"type":"Script","props":{"width":14,"height":208,"runtime":"Laya.BoxCollider"},"compId":17},{"type":"Script","props":{"type":"kinematic","runtime":"Laya.RigidBody"},"compId":18}]},{"type":"Sprite","props":{"y":770,"x":660,"width":124,"pivotY":79,"pivotX":62,"name":"myPlayer","height":158},"compId":10,"child":[{"type":"Sprite","props":{"width":124,"texture":"Textures/Players/Player-Head-01-n.png","name":"head","height":124},"compId":8},{"type":"Sprite","props":{"y":124,"x":57,"width":114,"texture":"Textures/Players/Player-Shoe-01-.png","rotation":0,"pivotY":34,"pivotX":57,"name":"shoe","height":68},"compId":9},{"type":"Script","props":{"shoe":"@node:9","btn_Right":"@node:64","btn_Left":"@node:63","btn_Jump":"@node:65","runtime":"scripts/MyPlayerController.js"},"compId":11},{"type":"Script","props":{"radius":60,"runtime":"Laya.CircleCollider"},"compId":12},{"type":"Script","props":{"gravityScale":3,"allowSleep":false,"allowRotation":false,"runtime":"Laya.RigidBody"},"compId":13}]},{"type":"Sprite","props":{"zOrder":2,"y":260,"x":750,"width":82,"texture":"Textures/Balls/ball1.png","pivotY":41,"pivotX":41,"name":"ball","height":82},"compId":22,"child":[{"type":"Script","props":{"restitution":0.9,"radius":41,"runtime":"Laya.CircleCollider"},"compId":23},{"type":"Script","props":{"type":"kinematic","gravityScale":2,"angularDamping":0.5,"runtime":"Laya.RigidBody"},"compId":24},{"type":"Script","props":{"runtime":"scripts/Ball.js"},"compId":39}]},{"type":"Sprite","props":{"y":-9,"x":0,"name":"border"},"compId":31,"child":[{"type":"Sprite","props":{"y":824,"width":1920,"name":"down","height":16},"compId":14,"child":[{"type":"Script","props":{"width":1920,"height":16,"friction":10,"runtime":"Laya.BoxCollider"},"compId":15},{"type":"Script","props":{"type":"kinematic","allowSleep":false,"runtime":"Laya.RigidBody"},"compId":16}]},{"type":"Sprite","props":{"x":190,"width":16,"pivotX":8,"name":"left","height":1080},"compId":19,"child":[{"type":"Script","props":{"width":16,"height":1080,"runtime":"Laya.BoxCollider"},"compId":20},{"type":"Script","props":{"type":"kinematic","runtime":"Laya.RigidBody"},"compId":21}]},{"type":"Sprite","props":{"x":1730,"width":16,"pivotX":8,"name":"right","height":1080},"compId":25,"child":[{"type":"Script","props":{"width":16,"height":1080,"runtime":"Laya.BoxCollider"},"compId":26},{"type":"Script","props":{"type":"kinematic","runtime":"Laya.RigidBody"},"compId":27}]},{"type":"Sprite","props":{"y":9,"width":1920,"name":"up","height":16},"compId":28,"child":[{"type":"Script","props":{"width":1920,"height":16,"friction":10,"runtime":"Laya.BoxCollider"},"compId":29},{"type":"Script","props":{"type":"kinematic","runtime":"Laya.RigidBody"},"compId":30}]}]},{"type":"Sprite","props":{"y":770,"x":1260,"width":124,"pivotY":79,"pivotX":62,"name":"aiPlayer","height":158},"compId":32,"child":[{"type":"Sprite","props":{"y":62,"x":62,"width":124,"texture":"Textures/Players/Player-Head-01-n.png","scaleX":-1,"pivotY":62,"pivotX":62,"name":"head","height":124},"compId":33},{"type":"Sprite","props":{"y":124,"x":57,"width":114,"texture":"Textures/Players/Player-Shoe-01-.png","scaleX":-1,"rotation":0,"pivotY":34,"pivotX":57,"name":"shoe","height":68},"compId":34},{"type":"Script","props":{"radius":60,"runtime":"Laya.CircleCollider"},"compId":36},{"type":"Script","props":{"gravityScale":3,"allowSleep":false,"allowRotation":false,"runtime":"Laya.RigidBody"},"compId":37},{"type":"Script","props":{"shoe":"@node:34","ball":"@node:22","runtime":"scripts/AIPlayerController.js"},"compId":38}]},{"type":"Image","props":{"y":28,"x":669,"width":612,"skin":"Textures/Gfx/mainHUD.png","name":"ScorePanel","height":204},"compId":40,"child":[{"type":"Text","props":{"y":62,"x":237,"width":134,"valign":"middle","text":"90","name":"txt_TimeCount","height":118,"fontSize":80,"color":"#ffffff","bold":true,"align":"center","runtime":"Laya.Text"},"compId":41},{"type":"Text","props":{"y":72,"x":25,"width":156,"valign":"middle","text":"0","name":"txt_MyScore","height":99,"fontSize":60,"color":"#ffffff","bold":true,"align":"center","runtime":"Laya.Text"},"compId":42},{"type":"Text","props":{"y":71.5,"x":427,"width":156,"valign":"middle","text":"0","name":"txt_AIScore","height":99,"fontSize":60,"color":"#ffffff","bold":true,"align":"center","runtime":"Laya.Text"},"compId":43},{"type":"Text","props":{"y":6,"x":24,"width":264,"valign":"middle","text":"Player","name":"txt_1","height":49,"fontSize":30,"color":"#ffffff","bold":true,"align":"center","runtime":"Laya.Text"},"compId":44},{"type":"Text","props":{"y":6,"x":319,"width":264,"valign":"middle","text":"AI","name":"txt_1","height":49,"fontSize":30,"color":"#ffffff","bold":true,"align":"center","runtime":"Laya.Text"},"compId":45},{"type":"Script","props":{"txt_TimeCount":"@node:41","txt_MyScore":"@node:42","txt_AIScore":"@node:43","runtime":"scripts/ScorePanel.js"},"compId":46}]},{"type":"Script","props":{"txt_CountDown":"@node:48","scorePanel":"@node:40","pausePanel":"@node:56","name":"@node:40","gameOverPanel":"@node:51","btn_Pause":"@node:55","runtime":"scripts/GameManager.js"},"compId":47},{"type":"Text","props":{"width":1920,"valign":"middle","text":"3","name":"txt_CountDown","height":1080,"fontSize":400,"color":"#00ff3d","align":"center","runtime":"Laya.Text"},"compId":48},{"type":"Sprite","props":{"zOrder":3,"y":0,"x":0,"visible":false,"name":"GameOverPanel"},"compId":51,"child":[{"type":"Image","props":{"width":1920,"skin":"comp/img_bg5.png","sizeGrid":"15,9,16,10","name":"bg","height":1080,"alpha":0.8},"compId":49},{"type":"Text","props":{"y":103,"x":228,"width":1464,"valign":"middle","text":"GAME OVER","height":247,"fontSize":200,"color":"#ffffff","bold":true,"align":"center","runtime":"Laya.Text"},"compId":50},{"type":"Text","props":{"y":416.5,"x":228,"width":1464,"valign":"middle","text":"YOU WIN","name":"txt_Result","height":247,"fontSize":200,"color":"#ff0400","bold":true,"align":"center","runtime":"Laya.Text"},"compId":52},{"type":"Button","props":{"y":800,"x":800,"width":221,"skin":"comp/button.png","pivotY":41,"pivotX":111,"name":"btn_Menu","labelSize":50,"label":"菜单","height":82},"compId":53},{"type":"Button","props":{"y":800,"x":1120,"width":221,"skin":"comp/button.png","pivotY":41,"pivotX":111,"name":"btn_Again","labelSize":50,"label":"再玩一次","height":82},"compId":54}]},{"type":"Button","props":{"y":14,"x":28,"width":85,"visible":false,"stateNum":1,"skin":"Textures/UI/UI-Pause.png","name":"btn_Pause","height":85},"compId":55},{"type":"Sprite","props":{"zOrder":3,"y":0,"x":0,"visible":false,"name":"PausePanel"},"compId":56,"child":[{"type":"Image","props":{"width":1920,"skin":"comp/img_bg5.png","sizeGrid":"15,9,16,10","name":"bg","height":1080,"alpha":0.8},"compId":57},{"type":"Text","props":{"y":103,"x":228,"width":1464,"valign":"middle","text":"PAUSE","height":247,"fontSize":200,"color":"#ffffff","bold":true,"align":"center","runtime":"Laya.Text"},"compId":58},{"type":"Button","props":{"y":540,"x":800,"width":221,"skin":"comp/button.png","pivotY":41,"pivotX":111,"name":"btn_Menu","labelSize":50,"label":"菜单","height":82},"compId":60},{"type":"Button","props":{"y":540,"x":1120,"width":221,"skin":"comp/button.png","pivotY":41,"pivotX":111,"name":"btn_Resume","labelSize":50,"label":"继续","height":82},"compId":61},{"type":"Button","props":{"y":982,"x":960,"width":322,"skin":"comp/button.png","pivotY":62,"pivotX":161,"name":"btn_Restart","labelSize":50,"label":"重新开始","height":123},"compId":62}]},{"type":"Button","props":{"y":898,"x":259,"width":130,"stateNum":1,"skin":"Textures/Buttons/move-left.png","name":"btn_Left","height":130},"compId":63},{"type":"Button","props":{"y":898,"x":563,"width":130,"stateNum":1,"skin":"Textures/Buttons/move-right.png","name":"btn_Right","height":130},"compId":64},{"type":"Button","props":{"y":898,"x":1293,"width":130,"stateNum":1,"skin":"Textures/Buttons/jump.png","name":"btn_Jump","height":130},"compId":65}],"loadList":["Textures/Background/sky_day.jpg","Textures/Background/stadium-02.png","Textures/Background/field-01.png","Textures/Background/ButtonHolder.png","Textures/UI/middlePole.png","Textures/Players/Player-Head-01-n.png","Textures/Players/Player-Shoe-01-.png","Textures/Balls/ball1.png","Textures/Gfx/mainHUD.png","comp/img_bg5.png","comp/button.png","Textures/UI/UI-Pause.png","Textures/Buttons/move-left.png","Textures/Buttons/move-right.png","Textures/Buttons/jump.png"],"loadList3D":[]}