{"type":"Scene","props":{"width":1920,"height":1080,"autoDestroyAtClosed":true},"compId":2,"child":[{"type":"Image","props":{"width":1920,"skin":"Textures/bg-1.png","name":"bg","height":1080},"compId":3},{"type":"Button","props":{"y":846,"x":1668,"width":182,"stateNum":1,"skin":"Textures/UI/BTN-Play2.png","name":"btn_Start","height":182},"compId":4},{"type":"Script","props":{"img_Head":"@node:8","btn_Start":"@node:4","btn_Select":"@node:9","btn_Right":"@node:7","btn_Left":"@node:6","runtime":"scripts/MenuScene.js"},"compId":5},{"type":"Image","props":{"y":482,"x":167,"width":162,"skin":"Textures/UI/arrowL-Yellow.png","name":"btn_Left","height":162},"compId":6},{"type":"Image","props":{"y":482,"x":927,"width":162,"skin":"Textures/UI/arrowR-Yellow.png","name":"btn_Right","height":162},"compId":7},{"type":"Image","props":{"y":307,"x":368,"skin":"Textures/Players/Player-Head-01-n.png","name":"img_Head"},"compId":8}],"loadList":["Textures/bg-1.png","Textures/UI/BTN-Play2.png","Textures/UI/arrowL-Yellow.png","Textures/UI/arrowR-Yellow.png","Textures/Players/Player-Head-01-n.png"],"loadList3D":[]}